USE [ToDo];

INSERT INTO [dbo].[PessoaTipo] ([Id], [Nome]) VALUES
(1, 'Pessoa Fisíca'), (2, 'Pessoa Jurídica')
GO

INSERT INTO [dbo].[Pais]([Id], [Nome]) VALUES
(1, 'Brasil' )
GO

INSERT INTO [dbo].[EmailTipo]([Id], [Nome]) VALUES
(1, 'Principal'), (2, 'Particular'), (3, 'Comercial')

INSERT INTO [dbo].[TelefoneTipo]([Id], [Nome]) VALUES
(1, 'Celular'), (2, 'Residencial'), (3, 'Comercial')

INSERT INTO [dbo].[Estado] ([Id], [Nome], [Sigla], [PaisId]) VALUES
(1, 'Acre', 'AC', 1),
(2, 'Alagoas', 'AL', 1),
(3, 'Amazonas', 'AM', 1),
(4, 'Amapa', 'AP', 1),
(5, 'Bahia', 'BA', 1),
(6, 'Ceará',  'CE', 1),
(7, 'Distrito Federal',  'DF', 1),
(8, 'Espírito Santo',  'ES', 1),
(9, 'Goiás',  'GO', 1),
(10, 'Maranhão',  'MA', 1),
(11, 'Minas Gerais',  'MG', 1),
(12, 'Mato Grosso do Sul',  'MS', 1),
(13, 'Mato Grosso',  'MT', 1),
(14, 'Pará',  'PA', 1),
(15, 'Paraíba',  'PB', 1),
(16, 'Pernambuco',  'PE', 1),
(17, 'Piauí',  'PI', 1),
(18, 'Paraná',  'PR', 1),
(19, 'Rio de Janeiro',  'RJ', 1),
(20, 'Rio Grande do Norte',  'RN', 1),
(21, 'Rondonia',  'RO', 1),
(22, 'Roraima',  'RR', 1),
(23, 'Rio Grande do Sul',  'RS', 1),
(24, 'Santa Catarina',  'SC', 1),
(25, 'Sergipe',  'SE', 1),
(26, 'São Paulo',  'SP', 1),
(27, 'Tocantins',  'TO', 1)
GO


INSERT INTO [dbo].[Cidade]([Id], [Nome], [EstadoId]) VALUES
(377,'Assis Brasil', 1),
(669,'Brasiléia', 1),
(706,'Bujari', 1),
(959,'Capixaba', 1),
(1318,'Cruzeiro do Sul', 1),
(1491,'Epitaciolândia', 1),
(1563,'Feijó', 1),
(2384,'Jordão', 1),
(2639,'Mâncio Lima', 1),
(2652,'Manoel Urbano', 1),
(2693,'Marechal Thaumaturgo', 1),
(9074,'Olivença', 1),
(3526,'Plácido de Castro', 1),
(3593,'Porto Acre', 1),
(3622,'Porto Walter', 1),
(3813,'Rio Branco', 1),
(3880,'Rodrigues Alves', 1),
(4072,'Santa Rosa do Purus', 1),
(4495,'Sena Madureira', 1),
(4502,'Senador Guiomard', 1),
(4684,'Tarauacá', 1),
(5024,'Xapuri', 1),
(46,'Água Branca', 2),
(193,'Anadia', 2),
(307,'Arapiraca', 2),
(381,'Atalaia', 2),
(464,'Barra de Santo Antônio', 2),
(466,'Barra de São Miguel', 2),
(510,'Batalha', 2),
(525,'Belém', 2),
(536,'Belo Monte', 2),
(582,'Boca da Mata', 2),
(663,'Branquinha', 2),
(763,'Cacimbinhas', 2),
(798,'Cajueiro', 2),
(851,'Campo Alegre', 2),
(866,'Campo Grande', 2),
(892,'Canapi', 2),
(937,'Capela', 2),
(1012,'Carneiros', 2),
(1099,'Chá Preta', 2),
(1146,'Coité do Nóia', 2),
(1161,'Colônia Leopoldina', 2),
(1217,'Coqueiro Seco', 2),
(1269,'Coruripe', 2),
(1282,'Craíbas', 2),
(1359,'Delmiro Gouveia', 2),
(1399,'Doia Riachos', 2),
(1528,'Estrela de Alagoas', 2),
(1565,'Feira Grande', 2),
(1573,'Feliz Deserto', 2),
(1591,'Flexeiras', 2),
(1691,'Girau do Ponciano', 2),
(1863,'Ibateguara', 2),
(1930,'Igreja Nova', 2),
(1986,'Inhapi', 2),
(2252,'Jacaré dos Homens', 2),
(2264,'Jacuípe', 2),
(2304,'Japaratinga', 2),
(2318,'Jaramataia', 2),
(2374,'Joaquim Gomes', 2),
(2407,'Jundiá', 2),
(2410,'Junqueiro', 2),
(2449,'Lagoa da Canoa', 2),
(2537,'Limoeiro de Anadia', 2),
(2596,'Maceió', 2),
(2622,'Major Isidora', 2),
(2660,'Mar Vermelho', 2),
(2671,'Maragogi', 2),
(2680,'Maravilha', 2),
(2691,'Marechal Deodoro', 2),
(2704,'Maribondo', 2),
(2733,'Mata Grande', 2),
(2758,'Matriz de Camaragibe', 2),
(2786,'Messias', 2),
(2799,'Minador do Negrão', 2),
(2889,'Monteirópolis', 2),
(2949,'Murici', 2),
(3113,'Novo Lino', 2),
(3133,'Olho D''água das Flores', 2),
(3135,'Olho D''água do Casado', 2),
(3136,'Olho D''água Grande', 2),
(3145,'Olivença', 2),
(3170,'Ouro Branco', 2),
(3201,'Palestina', 2),
(3219,'Palmeira dos Índios', 2),
(3241,'Pão de Açucar', 2),
(3291,'Pariconha', 2),
(3294,'Paripueira', 2),
(3313,'Passo de Camaragibe', 2),
(3347,'Paulo Jacinto', 2),
(3402,'Penedo', 2),
(3427,'Piacabuçu', 2),
(3443,'Pilar', 2),
(3455,'Pindoba', 2),
(3497,'Piranhas', 2),
(3545,'Poço das Trincheiras', 2),
(3599,'Porto Calvo', 2),
(3602,'Porto de Pedras', 2),
(3615,'Porto Real do Colégio', 2),
(3699,'Quebrângulo', 2),
(3844,'Rio Largo', 2),
(3900,'Roteiro', 2),
(4028,'Santa Luzia do Norte', 2),
(4104,'Santana do Ipanema', 2),
(4110,'Santana do Mundaú', 2),
(4187,'São Brás', 2),
(4311,'São José da Laje', 2),
(4314,'São José da Tapera', 2),
(4371,'São Luis do Quitunde', 2),
(4401,'São Miguel dos Campos', 2),
(4402,'São Miguel dos Milagres', 2),
(4430,'São Sebastião', 2),
(4481,'Satuba', 2),
(4507,'Senador Rui Palmeira', 2),
(4655,'Tanque d''Arca', 2),
(4675,'Taquarana', 2),
(4712,'Teotônio Vilela', 2),
(4768,'Traipu', 2),
(4870,'União dos Palmares', 2),
(4967,'Viçosa', 2),
(157,'Alvarães', 3),
(178,'Amaturá', 3),
(199,'Anamã', 3),
(233,'Anori', 3),
(265,'Apuí', 3),
(383,'Atalaia do Norte', 3),
(401,'Autazes', 3),
(457,'Barcelos', 3),
(492,'Barreirinha', 3),
(543,'Benjamin Constant', 3),
(554,'Beruri', 3),
(580,'Boa Vista do Ramos', 3),
(583,'Boca do Acre', 3),
(645,'Borba', 3),
(723,'Caapiranga', 3),
(930,'Canutama', 3),
(973,'Carauari', 3),
(982,'Careiro', 3),
(983,'Careiro da Várzea', 3),
(1136,'Coari', 3),
(1142,'Codajás', 3),
(1458,'Eirunepé', 3),
(1490,'Envira', 3),
(1611,'Fonte Boa', 3),
(1762,'Guajará', 3),
(1849,'Humaitá', 3),
(2014,'Ipixuna', 3),
(2042,'Iranduba', 3),
(2080,'Itacoatiara', 3),
(2117,'Itamarati', 3),
(2160,'Itapiranga', 3),
(2311,'Japurá', 3),
(2420,'Juruá', 3),
(2430,'Jutaí', 3),
(2433,'Lábrea', 3),
(2635,'Manacapuru', 3),
(2637,'Manaquiri', 3),
(2638,'Manaus', 3),
(2649,'Manicoré', 3),
(2662,'Maraã', 3),
(2763,'Maués', 3),
(2981,'Nhamundá', 3),
(3067,'Nova Olinda do Norte', 3),
(3098,'Novo Airão', 3),
(3100,'Novo Aripuanã', 3),
(3292,'Parintins', 3),
(3335,'Pauini', 3),
(3658,'Presidente Figueiredo', 3),
(3858,'Rio Preto da Eva', 3),
(4015,'Santa Isabel do Rio Negro', 3),
(4145,'Santo Antônio do Içá', 3),
(4237,'São Gabriel da Cachoeira', 3),
(4406,'São Paulo de Olivença', 3),
(4446,'São Sebastião do Uatumã', 3),
(4573,'Silves', 3),
(4625,'Tabatinga', 3),
(4658,'Tapauá', 3),
(4695,'Tefé', 3),
(4760,'Tonantins', 3),
(4836,'Uarini', 3),
(4885,'Urucará', 3),
(4889,'Urucurituba', 3),
(171,'Amapá', 4),
(802,'Calçoene', 4),
(1349,'Cutias', 4),
(1580,'Ferreira Gomes', 4),
(2204,'Itaubal', 4),
(2499,'Laranja do Jari', 4),
(2587,'Macapá', 4),
(2769,'Mazagão', 4),
(3128,'Oiapoque', 4),
(3361,'Pedra Branca do Amapari', 4),
(3610,'Porto Grande', 4),
(3636,'Pracuúba', 4),
(4091,'Santana', 4),
(4531,'Serra do Navio', 4),
(4686,'Tartarugalzinho', 4),
(6,'Abaíra', 5),
(7,'Abaré', 5),
(18,'Acajutiba', 5),
(32,'Adustina', 5),
(53,'Água Fria', 5),
(77,'Aiquara', 5),
(87,'Alagoinhas', 5),
(93,'Alcobaça', 5),
(112,'Almadina', 5),
(177,'Amargosa', 5),
(180,'Amélia Rodrigues', 5),
(181,'América Dourada', 5),
(194,'Anagé', 5),
(9038,'Anchieta', 5),
(208,'Andaraí', 5),
(210,'Andorinha', 5),
(219,'Angical', 5),
(224,'Anguera', 5),
(235,'Antas', 5),
(239,'Antônio Cardoso', 5),
(243,'Antônio Gonçalves', 5),
(261,'Aporá', 5),
(263,'Apuarema', 5),
(275,'Araçás', 5),
(277,'Aracatu', 5),
(279,'Araci', 5),
(300,'Aramari', 5),
(327,'Arataca', 5),
(330,'Aratuípe', 5),
(394,'Aurelino Leal', 5),
(419,'Baianópolis', 5),
(421,'Baixa Grande', 5),
(441,'Banzaê', 5),
(459,'Barra', 5),
(461,'Barra da Estiva', 5),
(470,'Barra do Choça', 5),
(475,'Barra do Mendes', 5),
(479,'Barra do Rocha', 5),
(490,'Barreiras', 5),
(498,'Barro Alto', 5),
(501,'Barro Preto', 5),
(531,'Belmonte', 5),
(533,'Belo Campo', 5),
(565,'Biritinga', 5),
(573,'Boa Nova', 5),
(581,'Boa Vista do Tupim', 5),
(605,'Bom Jesus da Lapa', 5),
(607,'Bom Jesus da Serra', 5),
(633,'Boninal', 5),
(636,'Bonito', 5),
(642,'Boquira', 5),
(655,'Botuporã', 5),
(9060,'Brejinhos', 5),
(689,'Brejões', 5),
(690,'Brejolândia', 5),
(697,'Brotas de Macaúbas', 5),
(699,'Brumado', 5),
(704,'Buerarema', 5),
(718,'Buritirama', 5),
(726,'Caatiba', 5),
(728,'Cabaceiras do Paraguaçu', 5),
(744,'Cachoeira', 5),
(768,'Caculé', 5),
(769,'Caém', 5),
(771,'Caetanos', 5),
(774,'Caetité', 5),
(775,'Cafarnaum', 5),
(790,'Cairu', 5),
(807,'Caldeirão Grande', 5),
(812,'Camacan', 5),
(813,'Camaçari', 5),
(816,'Camamu', 5),
(854,'Campo Alegre de Lourdes', 5),
(864,'Campo Formoso', 5),
(894,'Canápolis', 5),
(895,'Canarana', 5),
(898,'Canavieiras', 5),
(899,'Candeal', 5),
(900,'Candeias', 5),
(904,'Candiba', 5),
(910,'Cândido Sales', 5),
(924,'Cansanção', 5),
(929,'Canudos', 5),
(941,'Capela do Alto Alegre', 5),
(946,'Capim Grosso', 5),
(967,'Caraíbas', 5),
(975,'Caravelas', 5),
(978,'Cardeal da Silva', 5),
(986,'Carinhanha', 5),
(1025,'Casa Nova', 5),
(1044,'Castro Alves', 5),
(1055,'Catolândia', 5),
(1057,'Catu', 5),
(1062,'Caturama', 5),
(1080,'Central', 5),
(1120,'Chorrochó', 5),
(1122,'Cícero Dantas', 5),
(1126,'Cipó', 5),
(1135,'Coaraci', 5),
(1141,'Cocos', 5),
(1175,'Conceição da Feira', 5),
(1180,'Conceição do Almeida', 5),
(1184,'Conceição do Coité', 5),
(1185,'Conceição do Jacuípe', 5),
(1198,'Conde', 5),
(1199,'Condeúba', 5),
(9015,'Contenas', 5),
(1215,'Contendas do Sincorá', 5),
(1220,'Coração de Maria', 5),
(1224,'Cordeiros', 5),
(1231,'Coribe', 5),
(1244,'Coronel João Sá', 5),
(1260,'Correntina', 5),
(1274,'Cotegipe', 5),
(1286,'Cravolândia', 5),
(1288,'Crisópolis', 5),
(1302,'Cristópolis', 5),
(1309,'Cruz das Almas', 5),
(1321,'Cruzilhada', 5),
(1336,'Curaçá', 5),
(1353,'Dário Meira', 5),
(1379,'Dias D''ávila', 5),
(1409,'Dom Basílio', 5),
(1416,'Dom Macedo Costa', 5),
(1467,'Elísio Medrado', 5),
(1485,'Entre Rios', 5),
(1496,'Érico Cardoso', 5),
(1516,'Esplanada', 5),
(1533,'Euclides da Cunha', 5),
(1537,'Eunápolis', 5),
(1556,'Fátima Feira da Mata', 5),
(1564,'Feira de Santana', 5),
(1587,'Filadélfia', 5),
(1589,'Firmino Alves', 5),
(1603,'Floresta Azul', 5),
(1617,'Formosa do Rio Preto', 5),
(1666,'Gandu', 5),
(1679,'Gavião', 5),
(1687,'Gentil do Ouro', 5),
(1694,'Glória', 5),
(1716,'Gongogi', 5),
(1726,'Governador Mangabeira', 5),
(1754,'Guageru', 5),
(1765,'Guanambi', 5),
(1804,'Guaratinga', 5),
(1834,'Heliópolis', 5),
(1855,'Iaçu', 5),
(1872,'Ibiassucê', 5),
(1873,'Ibicaraí', 5),
(1876,'Ibicoara', 5),
(1877,'Ibicuí', 5),
(1880,'Ibipeba', 5),
(1881,'Ibipitanga', 5),
(1883,'Ibiquera', 5),
(1891,'Ibirapitanga', 5),
(1892,'Ibirapuã', 5),
(1895,'Ibirataia', 5),
(1898,'Ibitiara', 5),
(1901,'Ibititá', 5),
(1905,'Ibotirana', 5),
(1913,'Ichu', 5),
(1919,'Igaporã', 5),
(1929,'Igrapiúna', 5),
(1932,'Iguaí', 5),
(1947,'Ilhéus', 5),
(1984,'Inhambupe', 5),
(1995,'Ipacaetá', 5),
(2007,'Ipiaú', 5),
(2010,'Ipirá', 5),
(2032,'Ipupiara', 5),
(9064,'Iracema', 5),
(2040,'Irajuba', 5),
(2041,'Iramaia', 5),
(2047,'Iraquara', 5),
(2048,'Irará', 5),
(2053,'Irecê', 5),
(2066,'Itabela', 5),
(2068,'Itaberaba', 5),
(2075,'Itabuna', 5),
(2079,'Itacaré', 5),
(2083,'Itaeté', 5),
(2084,'Itagi', 5),
(2085,'Itagibá', 5),
(2086,'Itagimirim', 5),
(2088,'Itaguaçu da Bahia', 5),
(2110,'Itaju do Colãnia', 5),
(2112,'Itajuípe', 5),
(2115,'Itamaraju', 5),
(2119,'Itamari', 5),
(2122,'Itambé', 5),
(2128,'Itanagra', 5),
(2131,'Itanhém', 5),
(2139,'Itaparica', 5),
(2140,'Itapé', 5),
(2141,'Itapebi', 5),
(2152,'Itapetinga', 5),
(2157,'Itapicuru', 5),
(2167,'Itapitanga', 5),
(2183,'Itaquara', 5),
(2188,'Itarantim', 5),
(2197,'Itatim', 5),
(2214,'Itiruçu', 5),
(2215,'Itiúba', 5),
(2217,'Itororó', 5),
(2219,'Ituberá', 5),
(2231,'Iuiú', 5),
(2243,'Jaborandi', 5),
(2250,'Jacaraci', 5),
(2261,'Jacobina', 5),
(2270,'Jaguaquara', 5),
(2273,'Jaguarari', 5),
(2280,'Jaguaripe', 5),
(2294,'Jandaíra', 5),
(2344,'Jequié', 5),
(2349,'Jeremoabo', 5),
(2358,'Jiquiriçá', 5),
(2359,'Jitaúna', 5),
(2366,'João Dourado', 5),
(2378,'Juazeiro', 5),
(2400,'Jucuruçu', 5),
(2425,'Jussara', 5),
(2428,'Jussari', 5),
(2429,'Jussiape', 5),
(2438,'Lafaiete Coutinho', 5),
(2467,'Lagoa Real', 5),
(2477,'Laje', 5),
(2484,'Lajedão', 5),
(2485,'Lajedinho', 5),
(2487,'Lajedo do Tabocal', 5),
(2491,'Lamarão', 5),
(2497,'Lapão', 5),
(2509,'Lauro de Freitas', 5),
(2520,'Lencóis', 5),
(2530,'Licínio de Almeida', 5),
(2549,'Livramento do Brumado', 5),
(2585,'Macajuba', 5),
(2589,'Macarani', 5),
(2593,'Macaúbas', 5),
(2604,'Macururé', 5),
(2606,'Madre de Deus', 5),
(2610,'Maetinga', 5),
(2616,'Maiquinique', 5),
(2617,'Mairi', 5),
(2625,'Malhada', 5),
(2626,'Malhada de Pedras', 5),
(2654,'Manoel Vitorino', 5),
(2655,'Mansidão', 5),
(2670,'Maracás', 5),
(2672,'Maragogipe', 5),
(2679,'Maraú', 5),
(2686,'Marcionílio Souza', 5),
(2727,'Mascote', 5),
(2732,'Mata de São João', 5),
(2746,'Matina', 5),
(2771,'Medeiros Neto', 5),
(2789,'Miguel Calmon', 5),
(2793,'Milagres', 5),
(2821,'Mirangaba', 5),
(2823,'Mirante', 5),
(2884,'Monte Santo', 5),
(2904,'Morpará', 5),
(2913,'Morro do Chapéu', 5),
(2919,'Mortugaba', 5),
(5140,'Mucambo', 5),
(2930,'Mucugê', 5),
(2932,'Mucuri', 5),
(2937,'Mulungu do Morro', 5),
(2940,'Mundo Novo', 5),
(2943,'Muniz Ferreira', 5),
(2945,'Muquém de São Francisco', 5),
(2951,'Muritiba', 5),
(2953,'Mutuípe', 5),
(2969,'Nazaré', 5),
(2984,'Nilo Peçanha', 5),
(2994,'Nordestina', 5),
(3022,'Nova Canaã', 5),
(3036,'Nova Fátima', 5),
(3044,'Nova Ibiá', 5),
(3050,'Nova Itarana', 5),
(3075,'Nova Redenção', 5),
(3085,'Nova Soure', 5),
(3094,'Nova Viçosa', 5),
(3105,'Novo Horizonte', 5),
(3122,'Novo Triunfo', 5),
(3140,'Olindina', 5),
(3143,'Oliveira dos Brejinhos', 5),
(3164,'Ouriçangas', 5),
(3182,'Ourolândia', 5),
(3214,'Palmas de Monte Alto', 5),
(3223,'Palmeiras', 5),
(3263,'Paramirim', 5),
(3282,'Paratinga', 5),
(3293,'Paripiranga', 5),
(3330,'Pau Brasil', 5),
(3344,'Paulo Afonso', 5),
(3352,'Pé de Serra', 5),
(3372,'Pedrão', 5),
(3383,'Pedro Alexandre', 5),
(3430,'Piatá', 5),
(3441,'Pilão Arcado', 5),
(3452,'Pindaí', 5),
(3456,'Pindobaçu', 5),
(3474,'Pintadas', 5),
(3486,'Piraí do Norte', 5),
(3514,'Piripá', 5),
(3516,'Piritiba', 5),
(3530,'Planaltino', 5),
(3531,'Planalto', 5),
(3549,'Poções', 5),
(3553,'Pojuca', 5),
(3579,'Ponto Novo', 5),
(3617,'Porto Seguro', 5),
(3628,'Potiraguá', 5),
(3637,'Prado', 5),
(3656,'Presidente Dutra', 5),
(3660,'Presidente Jânio Quadros', 5),
(3672,'Presidente Tancredo Neves', 5),
(3703,'Queimadas', 5),
(3711,'Quijingue', 5),
(3723,'Quixabeira', 5),
(3730,'Rafael Jambeiro', 5),
(3752,'Remanso', 5),
(3765,'Retirolândia', 5),
(3768,'Riachão das Neves', 5),
(3770,'Riachão do Jacuípe', 5),
(3775,'Riacho de Santana', 5),
(3785,'Ribeira do Amparo', 5),
(3786,'Ribeira do Pombal', 5),
(3794,'Ribeirão do Largo', 5),
(3827,'Rio de Contas', 5),
(3829,'Rio do Antônio', 5),
(3831,'Rio do Pires', 5),
(3860,'Rio Real', 5),
(3878,'Rodelas', 5),
(3908,'Ruy Barbosa', 5),
(3932,'Salinas da Margarida', 5),
(3947,'Salvador', 5),
(3962,'Santa Bárbara', 5),
(3971,'Santa Brígida', 5),
(3980,'Santa Cruz Cabrália', 5),
(3983,'Santa Cruz da Vitória', 5),
(4008,'Santa Inês', 5),
(4023,'Santa Luzia', 5),
(4035,'Santa Maria da Vitória', 5),
(4056,'Santa Rita de Cássia', 5),
(4076,'Santa Teresinha', 5),
(4089,'Santaluz', 5),
(4090,'Santana', 5),
(4122,'Santo Amaro', 5),
(4135,'Santo Antônio de Jesus', 5),
(4161,'Santo Estevão', 5),
(4167,'Santópolis', 5),
(4198,'São Desidério', 5),
(4199,'São Domingos', 5),
(4209,'São Felipe', 5),
(4211,'São Félix', 5),
(4214,'São Félix do Coribe', 5),
(4227,'São Francisco do Conde', 5),
(4235,'São Gabriel', 5),
(4252,'São Gonçalo dos Campos', 5),
(4316,'São José da Vitória', 5),
(4338,'São José do Jacuípe', 5),
(4390,'São Miguel das Matas', 5),
(4442,'São Sebastião do Passé', 5),
(4468,'Sapeaçu', 5),
(4480,'Sátiro Dias', 5),
(4482,'Saubara', 5),
(4485,'Saúde', 5),
(4487,'Seabra', 5),
(4489,'Sebastão Laranjeiras', 5),
(4510,'Senhor do Bonfim', 5),
(4515,'Sento Sé', 5),
(4532,'Serra do Ramalho', 5),
(4535,'Serra Dourada', 5),
(4539,'Serra Preta', 5),
(4547,'Serrinha', 5),
(4551,'Serrolândia', 5),
(4578,'Simões Filho', 5),
(4588,'Sítio do Mato', 5),
(4589,'Sítio do Quinto', 5),
(4593,'Sobradinho', 5),
(4611,'Souto Soares', 5),
(4629,'Tabocas do Brejo Velho', 5),
(4654,'Tanhaçu', 5),
(4656,'Tanque Novo', 5),
(4657,'Tanquinho', 5),
(4662,'Taperoá', 5),
(4669,'Tapiramutá', 5),
(4697,'Teixeira de Freitas', 5),
(4707,'Teodoro Sampaio', 5),
(4709,'Teofilândia', 5),
(4711,'Teolândia', 5),
(4723,'Terra Nova', 5),
(4774,'Tremedal', 5),
(4803,'Tucano', 5),
(4837,'Uauá', 5),
(4840,'Ubaíra', 5),
(4841,'Ubaitaba', 5),
(4845,'Ubata', 5),
(4852,'Uibaí', 5),
(4859,'Umburanas', 5),
(4864,'Una', 5),
(4875,'Urandi', 5),
(4886,'Uruçuca', 5),
(4897,'Utinga', 5),
(4903,'Valença', 5),
(4906,'Valente', 5),
(4929,'Várzea da Roça', 5),
(4930,'Várzea do Poço', 5),
(4933,'Várzea Nova', 5),
(4935,'Varzedo', 5),
(4944,'Vera Cruz', 5),
(4952,'Vereda', 5),
(5002,'Vitória da Conquista', 5),
(5013,'Wagner', 5),
(5015,'Wanderley', 5),
(5018,'Wenceslau Guimarães', 5),
(5029,'Xique-Xique', 5),
(5,'Abaiara', 6),
(20,'Acarape', 6),
(21,'Acaraú', 6),
(23,'Acopiara', 6),
(78,'Aiuaba', 6),
(91,'Alcântaras', 6),
(128,'Altaneira', 6),
(152,'Alto Santo', 6),
(179,'Ameiroz', 6),
(187,'Amontada', 6),
(237,'Antonina do Norte', 6),
(266,'Apuiarés', 6),
(269,'Aquiraz', 6),
(276,'Aracati', 6),
(281,'Aracoiaba', 6),
(320,'Ararendá', 6),
(322,'Araripe', 6),
(329,'Aratuba', 6),
(375,'Assaré', 6),
(397,'Aurora', 6),
(423,'Baixio', 6),
(434,'Banabuiú', 6),
(452,'Barbalha', 6),
(489,'Barreira', 6),
(497,'Barro', 6),
(503,'Barroquinha', 6),
(513,'Baturité', 6),
(517,'Beberibe', 6),
(518,'Bela Cruz', 6),
(575,'Boa Viagem', 6),
(688,'Brejo Santo', 6),
(832,'Camocim', 6),
(885,'Campos Sales', 6),
(919,'Canindé', 6),
(949,'Capistrano', 6),
(985,'Caridade', 6),
(988,'Cariré', 6),
(990,'Caririaçu', 6),
(991,'Cariús', 6),
(1009,'Carnaubal', 6),
(1029,'Cascavel', 6),
(1050,'Catarina', 6),
(1060,'Catunda', 6),
(1063,'Caucaia', 6),
(1073,'Cedro', 6),
(1112,'Chaval', 6),
(1118,'Choró', 6),
(1119,'Chorozinho', 6),
(1228,'Coreaú', 6),
(1283,'Crateús', 6),
(1284,'Crato', 6),
(1304,'Croatá', 6),
(1307,'Cruz', 6),
(1363,'Deputado Irapuan Pinheiro', 6),
(1495,'Ererê', 6),
(1538,'Eusébio', 6),
(1548,'Farias Brito', 6),
(1622,'Forquilha', 6),
(1624,'Fortaleza', 6),
(1629,'Fortim', 6),
(1646,'Frecheirinha', 6),
(1685,'General Sampaio', 6),
(1728,'Graça', 6),
(1737,'Granja', 6),
(1738,'Granjeiro', 6),
(1746,'Groaíras', 6),
(1761,'Guaiúba', 6),
(1783,'Guaraciaba do Norte', 6),
(1787,'Guaramiranga', 6),
(1840,'Hidrolândia', 6),
(1844,'Horizonte', 6),
(1861,'Ibaretama', 6),
(1870,'Ibiapina', 6),
(9007,'Ibicuã', 6),
(1878,'Ibicutinga', 6),
(1906,'Icapuí', 6),
(1914,'Icó', 6),
(1940,'Iguatu', 6),
(1971,'Independência', 6),
(1999,'Ipaporanga', 6),
(2002,'Ipaumirim', 6),
(2022,'Ipu', 6),
(2028,'Ipueiras', 6),
(2033,'Iracema', 6),
(2052,'Irauçuba', 6),
(2097,'Itaiçaba', 6),
(2103,'Itaitinga', 6),
(2137,'Itapagé', 6),
(2158,'Itapipoca', 6),
(2168,'Itapiúna', 6),
(2190,'Itarema', 6),
(2199,'Itatira', 6),
(2275,'Jaguaretama', 6),
(2278,'Jaguaribara', 6),
(2279,'Jaguaribe', 6),
(2282,'Jaguaruana', 6),
(2320,'Jardim', 6),
(2337,'Jati', 6),
(2357,'Jijoca de Jericoacoara', 6),
(2397,'Juazeiro do Norte', 6),
(2398,'Jucás', 6),
(2514,'Lavras da Mangabeira', 6),
(2539,'Limoeiro do Norte', 6),
(2605,'Madalena', 6),
(2669,'Maracanaú', 6),
(2674,'Maranguape', 6),
(2687,'Marco', 6),
(2721,'Martinópole', 6),
(2728,'Massapê', 6),
(2766,'Mauriti', 6),
(2783,'Meruoca', 6),
(2794,'Milagres', 6),
(2795,'Milhã', 6),
(2816,'Miraíma', 6),
(2833,'Missão Velha', 6),
(2846,'Mombaça', 6),
(2856,'Monsenhor Tabosa', 6),
(2897,'Morada Nova', 6),
(2899,'Moraújo', 6),
(2906,'Morrinhos', 6),
(2929,'Mucambo', 6),
(2935,'Mulungu', 6),
(3064,'Nova Olinda', 6),
(3080,'Nova Russas', 6),
(3115,'Novo Oriente', 6),
(3124,'Ocara', 6),
(3156,'Orós', 6),
(3186,'Pacajus', 6),
(3187,'Pacatuba', 6),
(3190,'Pacoti', 6),
(3191,'Pacujá', 6),
(3205,'Palhano', 6),
(3247,'Paracuru', 6),
(3255,'Paraipaba', 6),
(3262,'Parambu', 6),
(3264,'Paramoti', 6),
(5136,'Parazinho', 6),
(3360,'Pedra Branca', 6),
(3398,'Penaforte', 6),
(3404,'Pentecoste', 6),
(3413,'Pereiro', 6),
(3459,'Pindoretama', 6),
(3478,'Piquet Carneiro', 6),
(3513,'Pires Ferreira', 6),
(3527,'Plamácia', 6),
(3581,'Poranga', 6),
(3588,'Porteiras', 6),
(3626,'Potengi', 6),
(3630,'Potiretama', 6),
(3720,'Quiterianópolis', 6),
(3724,'Quixadá', 6),
(3725,'Quixelo', 6),
(3726,'Quixeramobim', 6),
(3727,'Quixeré', 6),
(3755,'Rendenção', 6),
(3756,'Reriutaba', 6),
(3907,'Russas', 6),
(3915,'Saboeiro', 6),
(3934,'Salitre', 6),
(4050,'Santa Quitéria', 6),
(4099,'Santana do Acaraú', 6),
(4101,'Santana do Cariri', 6),
(4171,'São Benedito', 6),
(4245,'São Gonçalo do Amarante', 6),
(4282,'São João do Jaguaribe', 6),
(4369,'São Luis do Curu', 6),
(4506,'Senador Pompeu', 6),
(4508,'Senador Sá', 6),
(4595,'Sobral', 6),
(4604,'Solonópole', 6),
(4632,'Tabuleiro do Norte', 6),
(4649,'Tamboril', 6),
(4685,'Tarrafas', 6),
(4691,'Tauá', 6),
(4701,'Tejuçuoca', 6),
(4732,'Tianguá', 6),
(4770,'Trairi', 6),
(4829,'Tururu', 6),
(4842,'Ubajara', 6),
(4856,'Umari', 6),
(4862,'Umirim', 6),
(4883,'Uruburetama', 6),
(4891,'Uruoca', 6),
(4922,'Varjota', 6),
(4926,'Várzea Alegre', 6),
(4969,'Viçosa do Ceará', 6),
(671,'Brasília', 7),
(9085,'Ceilândia', 7),
(9134,'Sobradinho', 7),
(9036,'Taguatinga', 7),
(35,'Afonso Cláudio', 8),
(52,'Água Doce do Norte', 8),
(74,'Águia Branca', 8),
(96,'Alegre', 8),
(105,'Alfredo Chaves', 8),
(150,'Alto Rio Novo', 8),
(206,'Anchieta', 8),
(256,'Apiacá', 8),
(283,'Aracruz', 8),
(387,'Atilio Vivacqua', 8),
(424,'Baixo Guandu', 8),
(465,'Barra de São Francisco', 8),
(569,'Boa Esperança', 8),
(612,'Bom Jesus do Norte', 8),
(760,'Cachoeiro de Itapemirim', 8),
(9075,'Carapina', 8),
(984,'Cariacica', 8),
(1040,'Castelo', 8),
(1149,'Colatina', 8),
(1173,'Conceição da Barra', 8),
(1183,'Conceição do Castelo', 8),
(1390,'Divino de São Lourenço', 8),
(1421,'Domingos Martins', 8),
(1430,'Dores do Rio Preto', 8),
(1455,'Ecoporanga', 8),
(1658,'Fundão', 8),
(1752,'Guaçuí', 8),
(1798,'Guarapari', 8),
(1864,'Ibatiba', 8),
(1886,'Ibiraçu', 8),
(1900,'Ibitirama', 8),
(1915,'Iconha', 8),
(2058,'Irupi', 8),
(2087,'Itaguaçu', 8),
(2148,'Itapemirim', 8),
(2187,'Itarana', 8),
(2274,'Jaguaré', 8),
(2348,'Jerãnimo Monteiro', 8),
(2369,'João Neiva', 8),
(2498,'Laranja da Terra', 8),
(2546,'Linhares', 8),
(2575,'Lúna', 8),
(2657,'Mantenópolis', 8),
(2692,'Marechal Floriano', 8),
(2707,'Marilândia', 8),
(2797,'Mimoso do Sul', 8),
(2860,'Montanha', 8),
(2933,'Mucurici', 8),
(2944,'Muniz Freire', 8),
(2946,'Muqui', 8),
(3091,'Nova Venécia', 8),
(3237,'Pancas', 8),
(3385,'Pedro Canário', 8),
(3473,'Pinheiros', 8),
(3525,'Piúma', 8),
(5269,'Ponte Itabapoana', 8),
(3664,'Presidente Kennedy', 8),
(3809,'Rio Bananal', 8),
(3851,'Rio Novo do Sul', 8),
(4018,'Santa Leopoldina', 8),
(4038,'Santa Maria de Jetibá', 8),
(4075,'Santa Teresa', 8),
(9053,'São Cristóvão', 8),
(4206,'São Domingos do Norte', 8),
(4238,'São Gabriel da Palha', 8),
(4327,'São José do Calçado', 8),
(4383,'São Mateus', 8),
(4522,'Serra', 8),
(9025,'Trindade', 8),
(9082,'Valladolid', 8),
(4914,'Vargem Alta', 8),
(4940,'Venda Nova do Imigrante', 8),
(4960,'Viana', 8),
(4982,'Vila Pavão', 8),
(4984,'Vila Velha', 8),
(5001,'Vitória', 8),
(2,'Abadiânia', 9),
(25,'Acreúna', 9),
(29,'Adelândia', 9),
(54,'Água Fria de Goiás', 9),
(55,'Água Limpa', 9),
(103,'Alexânia', 9),
(118,'Aloândia', 9),
(140,'Alto Horizonte', 9),
(145,'Alto Paraíso de Goiás', 9),
(168,'Alvorada do Norte', 9),
(183,'Americano do Brasil', 9),
(188,'Amorinópolis', 9),
(202,'Anápolis', 9),
(226,'Anhanguera', 9),
(229,'Anicuns', 9),
(251,'Aparecida de Goiânia', 9),
(252,'Aparecida do Rio Doce', 9),
(262,'Aporé', 9),
(284,'Araçu', 9),
(286,'Aragarças', 9),
(287,'Aragoiânia', 9),
(9021,'Araguacema', 9),
(9059,'Araguaçu', 9),
(295,'Araguapaz', 9),
(348,'Arenópolis', 9),
(368,'Aruanã', 9),
(396,'Aurilândia', 9),
(407,'Avelinópolis', 9),
(427,'Baliza', 9),
(499,'Barro Alto', 9),
(520,'Bela Vista de Goiás', 9),
(599,'Bom Jardim de Goiás', 9),
(608,'Bom Jesus de Goiás', 9),
(631,'Bonfinópolis', 9),
(677,'Brazabrantes', 9),
(693,'Britânia', 9),
(711,'Buriti Alegre', 9),
(713,'Buriti de Goiás', 9),
(717,'Buritinópolis', 9),
(5141,'Caaponea', 9),
(729,'Cabeceiras', 9),
(745,'Cachoeira Alta', 9),
(747,'Cachoeira de Goiás', 9),
(754,'Cachoeira Dourada', 9),
(767,'Caçu', 9),
(782,'Caiaponia', 9),
(805,'Caldas Novas', 9),
(806,'Caldazinha', 9),
(838,'Campestre de Goiás', 9),
(845,'Campinaçu', 9),
(850,'Campinorte', 9),
(853,'Campo Alegre de Goiás', 9),
(877,'Campos Belos', 9),
(886,'Campos Verdes', 9),
(1002,'Carmo do Rio Verde', 9),
(1039,'Castelândia', 9),
(1046,'Catalão', 9),
(1061,'Caturaí', 9),
(1064,'Cavalcante', 9),
(1084,'Ceres', 9),
(1096,'Cezarina', 9),
(1105,'Chapadão do Céu', 9),
(1124,'Cidade Ocidental', 9),
(1140,'Cocalzinho de Goiás', 9),
(5275,'Colinas de Goiás', 9),
(1154,'Colinas do Sul', 9),
(1255,'Córrego do Ouro', 9),
(1263,'Corumbá de Goiás', 9),
(1264,'Corumbaíba', 9),
(1296,'Cristalina', 9),
(1298,'Cristianópolis', 9),
(1303,'Crixás', 9),
(1305,'Cromínia', 9),
(1329,'Cumari', 9),
(1350,'Damalândia', 9),
(1351,'Damianópolis', 9),
(1356,'Davinópolis', 9),
(1383,'Diorama', 9),
(1394,'Divinópolis de Goiás', 9),
(1444,'Doverlândia', 9),
(1456,'Edealina', 9),
(1457,'Edéia', 9),
(1530,'Estrela do Norte', 9),
(1545,'Faina', 9),
(1561,'Fazenda Nova', 9),
(9071,'Filadélfia', 9),
(1590,'Firminópolis', 9),
(1599,'Flores de Goiás', 9),
(1615,'Formosa', 9),
(1620,'Formoso', 9),
(1702,'Goiandira', 9),
(1703,'Goianésia', 9),
(1705,'Goiânia', 9),
(1707,'Goianira', 9),
(1708,'Goianópolis', 9),
(1710,'Goiás', 9),
(5272,'Goiatins', 9),
(1712,'Goiatuba', 9),
(1719,'Gouvelândia', 9),
(1772,'Guapó', 9),
(1785,'Guaraíta', 9),
(1794,'Guarani de Goiás', 9),
(1810,'Guarinos', 9),
(1832,'Heitoraí', 9),
(1839,'Hidrolândia', 9),
(1841,'Hidrolina', 9),
(1853,'Iaciara', 9),
(1964,'Inaciolândia', 9),
(1977,'Indiara', 9),
(1990,'Inhumas', 9),
(1996,'Ipameri', 9),
(2017,'Iporá', 9),
(2060,'Israelândia', 9),
(2069,'Itaberaí', 9),
(9000,'Itaguaçu', 9),
(2092,'Itaguari', 9),
(2093,'Itaguaru', 9),
(9040,'Itaiú', 9)
GO

INSERT INTO [dbo].[Cidade]([Id], [Nome], [EstadoId]) VALUES
(2105,'Itajá', 9),
(2136,'Itapaci', 9),
(2163,'Itapirapuã', 9),
(2181,'Itapuranga', 9),
(2192,'Itarumã', 9),
(2205,'Itauçu', 9),
(2222,'Itumbiara', 9),
(2237,'Ivolândia', 9),
(2292,'Jandaia', 9),
(2314,'Jaraguá', 9),
(2332,'Jataí', 9),
(2340,'Jaupaci', 9),
(2355,'Jesúpolis', 9),
(2391,'Joviânia', 9),
(2426,'Jussara', 9),
(2526,'Leopoldo de Bulhões', 9),
(2581,'Luziânia', 9),
(2620,'Mairipotaba', 9),
(2632,'Mambaí', 9),
(2661,'Mara Rosa', 9),
(2726,'Marzagão', 9),
(5255,'Mateira', 9),
(2757,'Matrinchã', 9),
(2764,'Maurilândia', 9),
(2796,'Mimoso de Goiás', 9),
(2798,'Minaçu', 9),
(2803,'Mineiros', 9),
(2840,'Moiporá', 9),
(2865,'Monte Alegre de Goiás', 9),
(2893,'Montes Claros de Goiás', 9),
(2895,'Montividiu', 9),
(2896,'Montividiu do Norte', 9),
(2907,'Morrinhos', 9),
(2910,'Morro Agudo de Goiás', 9),
(2922,'Mossâmedes', 9),
(2926,'Mozarlândia', 9),
(2938,'Mundo Novo', 9),
(2955,'Mutunópolis', 9),
(2976,'Nazário', 9),
(2979,'Nerópolis', 9),
(2989,'Niquelândia', 9),
(3009,'Nova América', 9),
(3014,'Nova Aurora', 9),
(3026,'Nova Crixás', 9),
(9090,'Nova Gama', 9),
(3039,'Nova Glória', 9),
(3046,'Nova Iguaçu de Goiás', 9),
(3077,'Nova Roma', 9),
(3092,'Nova Veneza', 9),
(3102,'Novo Brasil', 9),
(3117,'Novo Planalto', 9),
(3151,'Orizona', 9),
(3179,'Ouro Verde de Goiás', 9),
(3183,'Ouvidor', 9),
(3192,'Padre Bernardo', 9),
(3203,'Palestina de Goiás', 9),
(3224,'Palmeiras de Goiás', 9),
(3227,'Palmelo', 9),
(3228,'Palminópolis', 9),
(3235,'Panamá', 9),
(3270,'Paranaiguara', 9),
(3285,'Paraúna', 9),
(3418,'Perolândia', 9),
(3425,'Petrolina de Goiás', 9),
(3444,'Pilar de Goiás', 9),
(3481,'Piracanjuba', 9),
(3496,'Piranhas', 9),
(3511,'Pirenópolis', 9),
(3512,'Pires do Rio', 9),
(3528,'Planaltina', 9),
(3565,'Pontalina', 9),
(3583,'Porangatu', 9),
(3591,'Portelândia', 9),
(9005,'Porto Nacional', 9),
(3624,'Posse', 9),
(3682,'Professor Jamil', 9),
(3717,'Quirinópolis', 9),
(3781,'Rialma', 9),
(3782,'Rianópolis', 9),
(3859,'Rio Quente', 9),
(3864,'Rio Verde', 9),
(3903,'Rubiataba', 9),
(3954,'Sanclerlândia', 9),
(3965,'Santa Bárbara de Goiás', 9),
(3985,'Santa Cruz de Goiás', 9),
(3997,'Santa Fé de Goiás', 9),
(4007,'Santa Helena de Goiás', 9),
(4011,'Santa Isabel', 9),
(4059,'Santa Rita do Araguaia', 9),
(4067,'Santa Rosa de Goiás', 9),
(4079,'Santa Tereza de Goiás', 9),
(4085,'Santa Terezinha de Goiás', 9),
(4130,'Santo Antônio da Barra', 9),
(4134,'Santo Antônio de Goiás', 9),
(4143,'Santo Antônio do Descoberto', 9),
(4200,'São Domingos', 9),
(4234,'São Francisdo de Goiás', 9),
(4261,'São João d''Aliança', 9),
(4267,'São João da Paraúna', 9),
(4368,'São Luís de Montes Belos', 9),
(4374,'São Luiz do Norte', 9),
(4395,'São Miguel do Araguaia', 9),
(4398,'São Miguel do Passa Quatro', 9),
(4449,'São Simão', 9),
(4497,'Senador Canedo', 9),
(4544,'Serranópolis', 9),
(4568,'Silvânia', 9),
(4579,'Simolândia', 9),
(4587, 'Sítio d''Abadia', 9),
(4674,'Taquaral de Goiás', 9),
(4715,'Teresina de Goiás', 9),
(4718,'Terezópolis de Goiás', 9),
(4790,'Três Ranchos', 9),
(4794,'Trindade', 9),
(4800,'Trombas', 9),
(4830,'Turvânia', 9),
(4831,'Turvelândia', 9),
(4853,'Uirapuru', 9),
(4879,'Uruaçu', 9),
(4880,'Uruana', 9),
(4896,'Urutaí', 9),
(4921,'Varjão', 9),
(4961,'Vianópolis', 9),
(4965,'Vicentinópolis', 9),
(4977,'Vila Boa', 9),
(17,'Açailândia', 10),
(36,'Afonso Cunha', 10),
(90,'Alcântara', 10),
(94,'Aldeias Altas', 10),
(126,'Altamira do Maranhão', 10),
(147,'Alto Parnaíba', 10),
(176,'Amarante do Maranhão', 10),
(197,'Anajatuba', 10),
(203,'Anapurus', 10),
(298,'Araioses', 10),
(302,'Arame', 10),
(321,'Arari', 10),
(408,'Axixá', 10),
(411,'Bacabal', 10),
(412,'Bacuri', 10),
(432,'Balsas', 10),
(446,'Barão de Grajaú', 10),
(471,'Barra do Corda', 10),
(493,'Barreirinhas', 10),
(540,'Benedito Leite', 10),
(547,'Bequimão', 10),
(596,'Bom Jardim', 10),
(682,'Brejo', 10),
(710,'Buriti', 10),
(712,'Buriti Bravo', 10),
(793,'Cajapió', 10),
(794,'Cajari', 10),
(907,'Cândido Mendes', 10),
(927,'Cantanhede', 10),
(1013,'Carolina', 10),
(1020,'Carutapera', 10),
(1067,'Caxias', 10),
(1070,'Cedral', 10),
(1107,'Chapadinha', 10),
(1143,'Codó', 10),
(1144,'Coelho Neto', 10),
(1152,'Colinas', 10),
(1236,'Coroatá', 10),
(1346,'Cururupu', 10),
(1418,'Dom Pedro', 10),
(1451,'Duque Bacelar', 10),
(1509,'Esperantinópolis', 10),
(1524,'Estreito', 10),
(1627,'Fortaleza dos Nogueiras', 10),
(1630,'Fortuna', 10),
(1699,'Godofredo Viana', 10),
(1715,'Gonçalves Dias', 10),
(1720,'Governador Archer', 10),
(1724,'Governador Eugênio Barros', 10),
(1729,'Graça Aranha', 10),
(1730,'Grajaú', 10),
(1821,'Guimarães', 10),
(1851,'Humberto de Campos', 10),
(1911,'Icatu', 10),
(1923,'Igarapé Grande', 10),
(1962,'Imperatriz', 10),
(2144,'Itapecuru Mirim', 10),
(2367,'João Lisboa', 10),
(2390,'Joselândia', 10),
(2443,'Lago de Pedra', 10),
(2444,'Lago do Junco', 10),
(2445,'Lago Verde', 10),
(2532,'Lima Campos', 10),
(2558,'Loreto', 10),
(2569,'Luís Domingues', 10),
(2613,'Magalhães de Almeida', 10),
(2734,'Mata Roma', 10),
(2747,'Matinha', 10),
(2754,'Matões', 10),
(2811,'Mirador', 10),
(2818,'Miranda do Norte', 10),
(2831,'Mirinzal', 10),
(2848,'Monção', 10),
(2891,'Montes Altos', 10),
(2918,'Morros', 10),
(2986,'Nina Rodrigues', 10),
(3048,'Nova Iorque', 10),
(3132,'Olho d''água das Cunhãs', 10),
(3189,'Paço do Lumiar', 10),
(3221,'Palmeirândia', 10),
(3253,'Paraibano', 10),
(3297,'Parmarama', 10),
(3310,'Passagem Franca', 10),
(3319,'Pastos Bons', 10),
(3349,'Paulo Ramos', 10),
(3378,'Pedreiras', 10),
(3399,'Penalva', 10),
(3414,'Peri Mirim', 10),
(3454,'Pindaré Mirim', 10),
(3470,'Pinheiro', 10),
(3476,'Pio XII', 10),
(3498,'Pirapemas', 10),
(3541,'Poção de Pedras', 10),
(3609,'Porto Franco', 10),
(3655,'Presidente Dutra', 10),
(3662,'Presidente Juscelino', 10),
(3673,'Presidente Vargas', 10),
(3679,'Primeira Cruz', 10),
(3767,'Riachão', 10),
(9056,'Ribamar', 10),
(3894,'Rosário', 10),
(3951,'Sambaíba', 10),
(4005,'Santa Helena', 10),
(4010,'Santa Inês', 10),
(4025,'Santa Luzia', 10),
(4030,'Santa Luzia do Paruá', 10),
(4051,'Santa Quitéria do Maranhão', 10),
(4052,'Santa Rita', 10),
(4158,'Santo Antônio dos Lopes', 10),
(4172,'São Benedito do Rio Preto', 10),
(4174,'São Bento', 10),
(4183,'São Bernardo', 10),
(4205,'São Domingos do Maranhão', 10),
(4212,'São Félix de Balsas', 10),
(4229,'São Francisco do Maranhão', 10),
(4258,'São João Batista', 10),
(4296,'São João dos Patos', 10),
(4322,'São José de Ribamar', 10),
(4367,'São Luís', 10),
(4372,'São Luís Gonzaga do Maranhão', 10),
(4384,'São Mateus do Maranhão', 10),
(4424,'São Raimundo das Mangabeiras', 10),
(4466,'São Vicente Ferrer', 10),
(4590,'Sítio Novo', 10),
(4613,'Sucupira do Norte', 10),
(4689,'Tasso Fragoso', 10),
(4741,'Timbiras', 10),
(4745,'Timon', 10),
(4813,'Tuntum', 10),
(4825,'Turiaçu', 10),
(4835,'Tutóia', 10),
(4877,'Urbano Santos', 10),
(4917,'Vargem Grande', 10),
(4959,'Viana', 10),
(5005,'Vitória do Mearim', 10),
(5008,'Vitorino Freire', 10),
(5031,'Zé Doca', 10),
(5278,'Abadia dos Doutorados', 11),
(3,'Abaeté', 11),
(13,'Abre Campo', 11),
(16,'Acaiaca', 11),
(27,'Açucena', 11),
(44,'Água Boa', 11),
(50,'Água Comprida', 11),
(60,'Aguanil', 11),
(5035,'Águas Claras', 11),
(67,'Águas Formosas', 11),
(70,'Águas Vermelhas', 11),
(76,'Aimorés', 11),
(79,'Aiuruoca', 11),
(81,'Alagoa', 11),
(89,'Albertina', 11),
(100,'Além Paraíba', 11),
(104,'Alfenas', 11),
(107,'Alfredo Vasconcelos', 11),
(115,'Almenara', 11),
(119,'Alpercata', 11),
(121,'Alpinópolis', 11),
(129,'Alterosa', 11),
(141,'Alto Jequitibá', 11),
(149,'Alto Rio Doce', 11),
(158,'Alvarenga', 11),
(163,'Alvinópolis', 11),
(167,'Alvorada de Minas', 11),
(191,'Amparo do Serra', 11),
(211,'Andradas', 11),
(214,'Andrelândia', 11),
(240,'Antônio Carlos', 11),
(242,'Antônio Dias', 11),
(248,'Antônio Prado de Minas', 11),
(272,'Araçai', 11),
(280,'Aracitaba', 11),
(285,'Araçuaí', 11),
(296,'Araguari', 11),
(305,'Arantina', 11),
(309,'Araponga', 11),
(311,'Araporã', 11),
(313,'Arapuá', 11),
(333,'Araújos', 11),
(334,'Araxá', 11),
(335,'Arceburgo', 11),
(336,'Arcos', 11),
(338,'Areado', 11),
(350,'Argirita', 11),
(351,'Arinos', 11),
(379,'Astolfo Dutra', 11),
(385,'Ataléia', 11),
(390,'Augusto de Lima', 11),
(414,'Baependi', 11),
(426,'Baldim', 11),
(433,'Bambuí', 11),
(437,'Bandeira', 11),
(438,'Bandeira do Sul', 11),
(444,'Barão de Cocais', 11),
(448,'Barão de Monte Alto', 11),
(451,'Barbacena', 11),
(483,'Barra Longa', 11),
(505,'Barroso', 11),
(521,'Bela Vista de Minas', 11),
(530,'Belmiro Braga', 11),
(534,'Belo Horizonte', 11),
(537,'Belo Oriente', 11),
(538,'Belo Vale', 11),
(548,'Berilo', 11),
(553,'Bertópolis', 11),
(556,'Betim', 11),
(558,'Bias Fortes', 11),
(559,'Bicas', 11),
(562,'Biquinhas', 11),
(568,'Boa Esperança', 11),
(586,'Bocaina de Minas', 11),
(587,'Bocaiúva', 11),
(594,'Bom Despacho', 11),
(600,'Bom Jardim de Minas', 11),
(606,'Bom Jesus da Penha', 11),
(609,'Bom Jesus do Amparo', 11),
(610,'Bom Jesus do Galho', 11),
(619,'Bom Repouso', 11),
(622,'Bom Sucesso', 11),
(628,'Bonfim', 11),
(632,'Bonfinópolis de Minas', 11),
(648,'Borda da Mata', 11),
(652,'Botelhos', 11),
(654,'Botumirim', 11),
(664,'Brás Pires', 11),
(672,'Brasília de Minas', 11),
(674,'Brasópolis', 11),
(676,'Braúnas', 11),
(698,'Brumadinho', 11),
(701,'Bueno Brandão', 11),
(702,'Buenópolis', 11),
(719,'Buritis', 11),
(721,'Buritizeiro', 11),
(734,'Cabo Verde', 11),
(746,'Cachoeira da Prata', 11),
(748,'Cachoeira de Minas', 11),
(749,'Cachoeira de Pajeú', 11),
(9063,'Cachoeira do Carmo', 11),
(753,'Cachoeira Dourada', 11),
(770,'Caetanópolis', 11),
(772,'Caeté', 11),
(781,'Caiana', 11),
(799,'Cajuri', 11),
(803,'Caldas', 11),
(814,'Camacho', 11),
(817,'Camanducaia', 11),
(828,'Cambuí', 11),
(829,'Cambuquira', 11),
(830,'Camésia', 11),
(834,'Campanário', 11),
(835,'Campanha', 11),
(836,'Campestre', 11),
(844,'Campina Verde', 11),
(855,'Campo Belo', 11),
(860,'Campo do Meio', 11),
(863,'Campo Florido', 11),
(876,'Campos Altos', 11),
(881,'Campos Gerais', 11),
(889,'Cana Verde', 11),
(890,'Canaã', 11),
(893,'Canápolis', 11),
(901,'Candeias', 11),
(936,'Caparaó', 11),
(942,'Capela Nova', 11),
(943,'Capelinha', 11),
(944,'Capetinga', 11),
(945,'Capim Branco', 11),
(947,'Capinópolis', 11),
(951,'Capitão Andrade', 11),
(953,'Capitão Enéas', 11),
(956,'Capitólio', 11),
(961,'Caputira', 11),
(966,'Caraí', 11),
(968,'Caranaíba', 11),
(969,'Carandaí', 11),
(970,'Carangola', 11),
(972,'Caratinga', 11),
(977,'Carbonita', 11),
(981,'Careaçu', 11),
(993,'Carlos Chagas', 11),
(996,'Carmo da Cachoeira', 11),
(997,'Carmo da Mata', 11),
(998,'Carmo de Minas', 11),
(999,'Carmo do Cajuru', 11),
(1000,'Carmo do Paranaíba', 11),
(1001,'Carmo do Rio Claro', 11),
(1005,'Carmópolis de Minas', 11),
(1011,'Carneirinho', 11),
(1015,'Carrancas', 11),
(1021,'Carvalhópolis', 11),
(1022,'Carvalhos', 11),
(1024,'Casa Grande', 11),
(1027,'Cascalho Rico', 11),
(1033,'Cássia', 11),
(1045,'Catagauses', 11),
(1051,'Catas Altas da Noruega', 11),
(1059,'Catuji', 11),
(1065,'Caxambu', 11),
(1075,'Cedro do Abaeté', 11),
(1081,'Central de Minas', 11),
(1082,'Centralina', 11),
(1100,'Chácara', 11),
(1101,'Chalé', 11),
(1103,'Chapada do Norte', 11),
(1115,'Chiador', 11),
(5263,'Chumbo', 11),
(1127,'Cipotânea', 11),
(1129,'Claraval', 11),
(1130,'Claro dos Poções', 11),
(1132,'Cláudio', 11),
(1145,'Coimbra', 11),
(1165,'Coluna', 11),
(1167,'Comendador Gomes', 11),
(1169,'Comercinho', 11),
(1172,'Conceição da Aparecida', 11),
(1174,'Conceição da Barra de Minas', 11),
(1176,'Conceição das Alagoas', 11),
(1177,'Conceição das Pedras', 11),
(1178,'Conceição de Ipanema', 11),
(1186,'Conceição do Mato Dentro', 11),
(1187,'Conceição do Pará', 11),
(1188,'Conceição do Rio Verde', 11),
(1190,'Conceição dos Ouros', 11),
(1203,'Congonhal', 11),
(1204,'Congonhas', 11),
(1205,'Congonhas do Norte', 11),
(1207,'Conquista', 11),
(1208,'Conselheiro Lafaiete', 11),
(1210,'Conselheiro Pena', 11),
(1211,'Consolação', 11),
(1213,'Contagem', 11),
(1216,'Coqueiral', 11),
(1219,'Coração de Jesus', 11),
(1226,'Cordisburgo', 11),
(1227,'Cordislândia', 11),
(1232,'Corinto', 11),
(1234,'Coroaci', 11),
(1237,'Coromandel', 11),
(1241,'Coronel Fabriciano', 11),
(1248,'Coronel Murta', 11),
(1249,'Coronel Pacheco', 11),
(1252,'Coronel Xavier Chaves', 11),
(1253,'Córrego Danta', 11),
(1254,'Córrego do Bom Jesus', 11),
(1256,'Córrego Novo', 11),
(1279,'Couto de Magalhães de Minas', 11),
(1290,'Cristais', 11),
(1295,'Cristália', 11),
(1297,'Cristiano Otoni', 11),
(1299,'Cristina', 11),
(1306,'Crucilândia', 11),
(1314,'Cruzeiro da Fortaleza', 11),
(1322,'Cruzília', 11),
(1347,'Curvelo', 11),
(1354,'Datas', 11),
(1357,'Delfim Moreira', 11),
(1358,'Delfinópolis', 11),
(1367,'Descoberto', 11),
(1369,'Desterro de Entre Rios', 11),
(1370,'Desterro do Melo', 11),
(1377,'Diamantina', 11),
(1380,'Diogo de Vasconcelos', 11),
(1381,'Dionísio', 11),
(1387,'Divinésia', 11),
(1388,'Divino', 11),
(1389,'Divino das Laranjeiras', 11),
(1392,'Divinolândia de Minas', 11),
(1393,'Divinópolis', 11),
(1396,'Divisa Nova', 11),
(1397,'Divisópolis', 11),
(1410,'Dom Cavati', 11),
(1415,'Dom Joaquim', 11),
(1419,'Dom Silvério', 11),
(1420,'Dom Viçoso', 11),
(1424,'Dona Euzébia', 11),
(1427,'Dores de Campos', 11),
(1428,'Dores de Guanhães', 11),
(1429,'Dores do Indaiá', 11),
(1431,'Dores do Turvo', 11),
(1432,'Doresópolis', 11),
(1437,'Douradoquara', 11),
(1453,'Durandé', 11),
(1468,'Elói Mendes', 11),
(1479,'Engenheiro Caldas', 11),
(1481,'Engenheiro Navarro', 11),
(1484,'Entre Folhas', 11),
(1486,'Entre Rios de Minas', 11),
(1501,'Ervália', 11),
(1504,'Esmeraldas', 11),
(1505,'Espera Feliz', 11),
(1511,'Espinosa', 11),
(1513,'Espírito Santo do Dourado', 11),
(1522,'Estiva', 11),
(1527,'Estrela Dalva', 11),
(1529,'Estrela do Indaiá', 11),
(1532,'Estrela do Sul', 11),
(1536,'Eugenópolis', 11),
(1539,'Ewbank da Câmara', 11),
(1540,'Extrema', 11),
(1546,'Fama', 11),
(1547,'Faria Lemos', 11),
(1568,'Felício dos Santos', 11),
(1570,'Felisburgo', 11),
(1571,'Felixlândia', 11),
(1575,'Fernandes Tourinho', 11),
(1582,'Ferros', 11),
(1583,'Fervedouro', 11),
(1604,'Florestal', 11),
(1613,'Formiga', 11),
(1619,'Formoso', 11),
(1625,'Fortaleza de Minas', 11),
(1631,'Fortuna de Minas', 11),
(1638,'Francisco Badaró', 11),
(1641,'Francisco Dumont', 11),
(1643,'Francisco Sá', 11),
(1648,'Frei Gaspar', 11),
(1649,'Frei Inocêncio', 11),
(1653,'Fronteira', 11),
(1654,'Fronteira dos Vales', 11),
(1656,'Frutal', 11),
(1659,'Funilândia', 11),
(1662,'Galiléia', 11),
(9010,'Goiabeira', 11),
(1714,'Gonçalves', 11),
(1717,'Gonzaga', 11),
(1718,'Gouvêa', 11),
(1727,'Governador Valadares', 11),
(1739,'Grão Mogol', 11),
(1748,'Grupiara', 11),
(1766,'Guanhães', 11),
(1767,'Guapé', 11),
(1780,'Guaraciaba', 11),
(1790,'Guaranésia', 11),
(1791,'Guarani', 11),
(1801,'Guarará', 11),
(1807,'Guarda-Mor', 11),
(1818,'Guaxupé', 11),
(1820,'Guidoval', 11),
(1822,'Guimarânia', 11),
(1824,'Guiricema', 11),
(1825,'Gurinhata', 11),
(1833,'Heliodora', 11),
(1856,'Iapu', 11),
(1866,'Ibertioga', 11),
(1867,'Ibiá', 11),
(1869,'Ibiaí', 11),
(1885,'Ibiraci', 11),
(1896,'Ibirité', 11),
(1902,'Ibitiúra de Minas', 11),
(1903,'Ibituruna', 11),
(1909,'Icaraí de Minas', 11),
(1922,'Igarapé', 11),
(1928,'Igaratinga', 11),
(1937,'Iguatama', 11),
(1941,'Ijaci', 11),
(1950,'Ilicínea', 11),
(1967,'Inconfidentes', 11),
(1974,'Indianópolis', 11),
(1981,'Ingaí', 11),
(1987,'Inhapim', 11),
(1988,'Inhaúma', 11),
(1991,'Inimutaba', 11),
(1994,'Ipaba', 11),
(1997,'Ipanema', 11),
(2000,'Ipatinga', 11),
(2006,'Ipiaçu', 11),
(2029,'Ipuiúna', 11),
(2039,'Iraí de Minas', 11),
(2071,'Itabira', 11),
(2072,'Itabirinha de Mantena', 11),
(2073,'Itabirito', 11),
(2077,'Itacambira', 11),
(2078,'Itacarambi', 11),
(2091,'Itaguara', 11),
(2101,'Itaipé', 11),
(2111,'Itajubá', 11),
(2116,'Itamarandiba', 11),
(2118,'Itamarati de Minas', 11),
(2120,'Itambacuri', 11),
(2125,'Itambé do Mato Dentro', 11),
(2126,'Itamogi', 11),
(2127,'Itamonte', 11),
(2130,'Itanhandu', 11),
(2132,'Itanhomi', 11),
(2133,'Itaobim', 11),
(2138,'Itapagipe', 11),
(2142,'Itapecerica', 11),
(2154,'Itapeva', 11),
(2194,'Itatiaiuçu', 11),
(2202,'Itaú de Minas', 11),
(2207,'Itaúna', 11),
(2209,'Itaverava', 11),
(2210,'Itinga', 11),
(2220,'Itueta', 11),
(2221,'Ituiutaba', 11),
(2223,'Itumirim', 11),
(2228,'Iturama', 11),
(2229,'Itutinga', 11),
(2248,'Jaboticatubas', 11),
(2258,'Jacinto', 11),
(2263,'Jacuí', 11),
(2267,'Jacutinga', 11),
(2271,'Jaguaraçu', 11),
(2285,'Jaiba', 11),
(2290,'Jampruca', 11),
(2291,'Janaúba', 11),
(2300,'Januária', 11),
(2303,'Japaraíba', 11),
(2342,'Jeceaba', 11),
(2343,'Jequeri', 11),
(2345,'Jequitaí', 11),
(2346,'Jequitibá', 11),
(2347,'Jequitinhonha', 11),
(2353,'Jesuânia', 11),
(2361,'Joaíma', 11),
(2362,'Joanésia', 11),
(2368,'João Monlevade', 11),
(2371,'João Pinheiro', 11),
(2373,'Joaquim Felicio', 11),
(2383,'Jordânia', 11),
(2395,'Juatuba', 11),
(2403,'Juiz de Fora', 11),
(2415,'Juramento', 11),
(2421,'Juruaia', 11),
(2436,'Ladainha', 11),
(2439,'Lagamar', 11),
(5285,'Lagoa Comprida', 11),
(2451,'Lagoa da Prata', 11),
(2461,'Lagoa dos Patos', 11),
(2463,'Lagoa Dourada', 11),
(2464,'Lagoa Formosa', 11),
(2465,'Lagoa Grande', 11),
(2469,'Lagoa Santa', 11),
(2490,'Lajinha', 11),
(2492,'Lambari', 11),
(2494,'Lamim', 11),
(2501,'Laranjal', 11),
(2505,'Lassance', 11),
(2513,'Lavras', 11),
(2517,'Leandro Ferreira', 11),
(2525,'Leopoldina', 11),
(2529,'Liberdade', 11),
(2533,'Lima Duarte', 11),
(2535,'Limeira do Oeste', 11),
(2554,'Lontra', 11),
(2574,'Luminárias', 11),
(2580,'Luz', 11),
(2597,'Machacalis', 11),
(2600,'Machado', 11),
(2607,'Madre de Deus de Minas', 11),
(2624,'Malacacheta', 11),
(2634,'Mamonas', 11),
(2644,'Manga', 11),
(2647,'Manhuaçu', 11),
(2648,'Manhumirim', 11),
(2656,'Mantena', 11),
(2659,'Mar de Espanha', 11),
(2682,'Maravilhas', 11),
(2696,'Maria da Fé', 11),
(2699,'Mariana', 11),
(2706,'Marilac', 11),
(2716,'Maripá de Minas', 11),
(2717,'Marliéria', 11),
(2719,'Marmelópolis', 11),
(2720,'Martinho Campos', 11),
(2735,'Mata Verde', 11),
(2740,'Materlândia', 11),
(2741,'Mateus Leme', 11),
(2742,'Mathias Lobato', 11),
(2743,'Matias Barbosa', 11),
(2744,'Matias Cardoso', 11),
(2749,'Matipó', 11),
(2753,'Mato Verde', 11),
(2756,'Matozinhos', 11),
(2760,'Matutina', 11),
(2770,'Medeiros', 11),
(2774,'Medina', 11),
(2778,'Mendes Pimentel', 11),
(2781,'Mercês', 11),
(2785,'Mesquita', 11),
(2801,'Minas Novas', 11),
(2802,'Minduri', 11),
(2807,'Mirabela', 11),
(2813,'Miradouro', 11),
(2815,'Miraí', 11),
(2837,'Moeda', 11),
(2838,'Moema', 11),
(2852,'Monjolos', 11),
(2855,'Monsenhor Paulo', 11),
(2859,'Montalvânia', 11),
(2866,'Monte Alegre de Minas', 11),
(2872,'Monte Azul', 11),
(2874,'Monte Belo', 11),
(2877,'Monte Carmelo', 11),
(2885,'Monte Santo de Minas', 11),
(2886,'Monte Sião', 11),
(2892,'Montes Claros', 11),
(2894,'Montezuma', 11),
(2898,'Morada Nova de Minas', 11),
(2912,'Morro da Garça', 11),
(2914,'Morro do Pilar', 11),
(2941,'Munhoz', 11),
(2947,'Muriaé', 11),
(2954,'Mutum', 11),
(2956,'Muzambinho', 11),
(2957,'Nacip Raydan', 11),
(2958,'Nanuque', 11),
(2962,'Natércia', 11),
(2974,'Nazareno', 11),
(2978,'Nepomuceno', 11),
(3028,'Nova Era', 11),
(3052,'Nova Lima', 11),
(3058,'Nova Módica', 11),
(3072,'Nova Ponte', 11),
(3076,'Nova Resende', 11),
(3084,'Nova Serrana', 11),
(3089,'Nova União', 11),
(3103,'Novo Cruzeiro', 11),
(5268,'Ocidente', 11),
(3129,'Olaria', 11),
(3138,'Olímpio Noronha', 11),
(3142,'Oliveira', 11),
(3144,'Oliveira Fortes', 11),
(3146,'Onça do Pitangui', 11),
(3171,'Ouro Branco', 11),
(3173,'Ouro Fino', 11),
(3174,'Ouro Preto', 11),
(3180,'Ouro Verde de Minas', 11),
(3194,'Padre Paraíso', 11),
(3198,'Paineiras', 11),
(3199,'Pains', 11),
(3200,'Paiva', 11),
(3207,'Palma', 11),
(3233,'Palmópolis', 11),
(3242,'Papagaios', 11),
(3244,'Pará de Minas', 11),
(3246,'Paracatu', 11),
(3249,'Paraguaçu', 11),
(3261,'Paraisópolis', 11),
(3279,'Paraopeba', 11),
(3304,'Passa Quatro', 11),
(3305,'Passa Tempo', 11),
(3306,'Passa Vinte', 11),
(3307,'Passabém', 11),
(3317,'Passos', 11),
(3323,'Patos de Minas', 11),
(3325,'Patrocínio', 11),
(3326,'Patrocínio do Muriaé', 11),
(3336,'Paula Cândido', 11),
(3343,'Paulistas', 11),
(3350,'Pavão', 11),
(3354,'Peçanha', 11),
(3357,'Pedra Azul', 11),
(3362,'Pedra do Anta', 11),
(3363,'Pedra do Indaiá', 11),
(3364,'Pedra Dourada', 11),
(3370,'Pedralva', 11),
(3374,'Pedras de Maria da Cruz', 11),
(3381,'Pedrinópolis', 11),
(3389,'Pedro Leopoldo', 11),
(3391,'Pedro Teixeira', 11),
(5276,'Penha do Cassiano', 11),
(3405,'Pequeri', 11),
(3406,'Pequi', 11),
(3408,'Perdigão', 11),
(3409,'Perdizes', 11),
(3410,'Perdões', 11),
(9135,'Periquito', 11),
(3420,'Pescador', 11),
(3431,'Piau', 11),
(3437,'Piedade de Ponte Nova', 11),
(3438,'Piedade do Rio Grande', 11),
(3439,'Piedade dos Gerais', 11),
(3449,'Pimenta', 11),
(3482,'Piracema', 11),
(3489,'Pirajuba', 11),
(3492,'Piranga', 11),
(3494,'Piranguçu', 11),
(3495,'Piranguinho', 11),
(3499,'Pirapetinga', 11),
(3501,'Pirapora', 11),
(3510,'Piraúba', 11),
(3521,'Pitangui', 11),
(3523,'Piuí', 11),
(3537,'Planura', 11),
(9052,'Poaia', 11),
(3546,'Poço Fundo', 11),
(3551,'Poços de Caldas', 11),
(3552,'Pocrane', 11),
(3559,'Pompéu', 11),
(3574,'Ponte Nova', 11),
(3589,'Porteirinha', 11),
(3608,'Porto Firme', 11),
(3625,'Poté', 11),
(3631,'Pouso Alegre', 11),
(3632,'Pouso Alto', 11),
(3639,'Prados', 11),
(3645,'Prata', 11),
(3648,'Pratápolis', 11),
(3649,'Pratinha', 11),
(3651,'Presidente Bernardes', 11),
(3661,'Presidente Juscelino', 11),
(3666,'Presidente Kubitschek', 11),
(3670,'Presidente Olegário', 11),
(3687,'Prudente de Morais', 11),
(3693,'Quartel Geral', 11),
(3707,'Queluzita', 11),
(5283,'Quintinos', 11),
(3737,'Raposos', 11),
(3738,'Raul Soares', 11),
(3742,'Recreio', 11),
(3758,'Resende Costa', 11),
(3761,'Resplendor', 11),
(3762,'Ressaquinha', 11),
(3771,'Riachinho', 11),
(3778,'Riacho dos Machados', 11),
(3793,'Ribeirão das Neves', 11),
(3800,'Ribeirão Vermelho', 11),
(3807,'Rio Acima', 11),
(3817,'Rio Casca', 11),
(3832,'Rio do Prado', 11),
(3834,'Rio Doce', 11),
(3838,'Rio Espera', 11),
(3845,'Rio Manso', 11),
(3850,'Rio Novo', 11),
(3852,'Rio Paranaíba', 11),
(3854,'Rio Pardo de Minas', 11),
(3855,'Rio Piracicaba', 11),
(3856,'Rio Pomba', 11),
(3857,'Rio Preto', 11),
(3866,'Rio Vermelho', 11),
(3870,'Ritápolis', 11),
(3874,'Rochedo de Minas', 11),
(3877,'Rodeiro', 11),
(3884,'Romaria', 11),
(3901,'Rubelita', 11),
(3904,'Rubim', 11),
(3910,'Sabará', 11),
(3914,'Sabinópolis', 11),
(3916,'Sacramento', 11),
(3931,'Salinas', 11),
(3939,'Salto da Divisa', 11),
(3963,'Santa Bárbara', 11),
(3966,'Santa Bárbara do Leste', 11),
(3969,'Santa Bárbara do Tugúrio', 11),
(3989,'Santa Cruz do Escalvado', 11),
(3994,'Santa Efigênia de Minas', 11),
(3998,'Santa Fé de Minas', 11),
(9024,'Santa Helena', 11),
(4017,'Santa Juliana', 11),
(4024,'Santa Luzia', 11),
(4031,'Santa Margarida', 11),
(4037,'Santa Maria de Itabira', 11),
(4043,'Santa Maria do Salto', 11),
(4044,'Santa Maria do Suaçuí', 11),
(4055,'Santa Rita de Caldas', 11),
(9062,'Santa Rita de Cássia', 11),
(4057,'Santa Rita de Jacutinga', 11),
(4058,'Santa Rita de Minas', 11),
(4060,'Santa Rita do Ibitipoca', 11),
(4061,'Santa Rita do Itueto', 11),
(4064,'Santa Rita do Sapucaí', 11),
(4066,'Santa Rosa da Serra', 11),
(4087,'Santa Vitória', 11),
(4094,'Santana da Vargem', 11),
(4095,'Santana de Cataguases', 11),
(4098,'Santana de Pirapama', 11),
(4102,'Santana do Deserto', 11),
(4103,'Santana do Garambéu', 11),
(4106,'Santana do Jacaré', 11),
(4108,'Santana do Manhuaçu', 11),
(4111,'Santana do Paraíso', 11),
(4113,'Santana do Riacho', 11),
(4117,'Santana dos Montes', 11),
(4139,'Santo Antônio do Amparo', 11),
(4141,'Santo Antônio do Aventureiro', 11),
(4144,'Santo Antônio do Grama', 11),
(4146,'Santo Antônio do Itambé', 11),
(4147,'Santo Antônio do Jacinto', 11),
(4150,'Santo Antônio do Monte', 11),
(4155,'Santo Antônio do Rio Abaixo', 11),
(4164,'Santo Hipólito', 11),
(4170,'Santos Dumont', 11),
(4176,'São Bento Abade', 11),
(4188,'São Brás do Suaçuí', 11),
(4207,'São Domingos do Prata', 11),
(5264,'São Fidelis', 11),
(4220,'São Francisco', 11),
(4224,'São Francisco de Paula', 11),
(4226,'São Francisco de Sales', 11),
(4228,'São Francisco do Glória', 11),
(4240,'São Geraldo', 11),
(4241,'São Geraldo da Piedade', 11),
(4244,'São Gonçalo do Abaeté', 11),
(4247,'São Gonçalo do Pará', 11),
(4249,'São Gonçalo do Rio Abaixo', 11),
(4250,'São Gonçalo do Rio Preto', 11),
(4251,'São Gonçalo do Sapucaí', 11),
(4253,'São Gotardo', 11),
(4260,'São João Batista do Glória', 11),
(4266,'São João da Mata', 11),
(4268,'São João da Ponte', 11),
(4276,'São João del Rei', 11),
(9011,'São João do Bonito', 11),
(4283,'São João do Manteninha', 11),
(4284,'São João do Munhuaçu', 11),
(4286,'São João do Oriente', 11),
(4287,'São João do Paraíso', 11),
(4297,'São João Evangelista', 11),
(4298,'São João Nepomuceno', 11),
(4312,'São José da Lapa', 11),
(4313,'São José da Safira', 11),
(4315,'São José da Varginha', 11),
(4323,'São José do Alegre', 11),
(4332,'São José do Divino', 11),
(4334,'São José do Goiabal', 11),
(4339,'São José do Jacuri', 11),
(4340,'São José do Mantimento', 11),
(4360,'São Lourenço', 11),
(4394,'São Miguel do Anta', 11),
(4413,'São Pedro da União', 11),
(4419,'São Pedro do Suaçuí', 11),
(4422,'São Pedro dos Ferros', 11),
(4426,'São Romão', 11),
(4428,'São Roque de Minas', 11),
(4433,'São Sebastião da Bela Vista', 11),
(9023,'São Sebastião do Barroso', 11),
(4439,'São Sebastião do Maranhão', 11),
(4440,'São Sebastião do Oeste', 11),
(4441,'São Sebastião do Paraíso', 11),
(4443,'São Sebastião do Rio Preto', 11),
(4444,'São Sebastião do Rio Verde', 11),
(4451,'São Tiago', 11),
(4452,'São Tomás de Aquino', 11),
(4455,'São Tomé das Letras', 11),
(4463,'São Vicente de Minas', 11),
(9027,'São Vicente do Rio Doce', 11),
(4471,'Sapucaí-Mirim', 11),
(4478,'Sardoá', 11),
(4496,'Senador Amaral', 11),
(4498,'Senador Cortes', 11),
(4500,'Senador Firmino', 11),
(4503,'Senador José Bento', 11),
(4505,'Senador Modestino Gonçalves', 11),
(4511,'Senhora de Oliveira', 11),
(4512,'Senhora do Porto', 11),
(4513,'Senhora dos Remédios', 11),
(4517,'Sericita', 11),
(4521,'Seritinga', 11),
(4525,'Serra Azul de Minas', 11),
(4528,'Serra da Saudade', 11),
(4533,'Serra do Salitre', 11),
(4534,'Serra dos Aimorés', 11),
(4543,'Serrania', 11),
(4545,'Serranos', 11),
(4550,'Serro', 11),
(4559,'Sete Lagoas', 11),
(4571,'Silveirânia', 11),
(9054,'Silvestre Ferras', 11),
(4574,'Silvianópolis', 11),
(4576,'Simão Pereira', 11),
(4580,'Simonésia', 11),
(4596,'Sobrália', 11),
(4602,'Soledade de Minas', 11),
(4631,'Tabuleiro', 11),
(4643,'Taiobeiras', 11),
(4665,'Tapira', 11),
(4667,'Tapiraí', 11),
(5262,'Tapuirama', 11),
(4673,'Taquaraçu de Minas', 11)
GO

INSERT INTO [dbo].[Cidade]([Id], [Nome], [EstadoId]) VALUES
(4688,'Tarumirim', 11),
(4699,'Teixeiras', 11),
(4710,'Teófilo Otoni', 11),
(4746,'Timóteo', 11),
(4747,'Tiradentes', 11),
(4749,'Tiros', 11),
(4753,'Tocantins', 11),
(4755,'Toledo', 11),
(4758,'Tombos', 11),
(4780,'Três Corações', 11),
(4786,'Três Marias', 11),
(4789,'Três Pontas', 11),
(4808,'Tumiritinga', 11),
(4815,'Tupaciguara', 11),
(4827,'Turmalina', 11),
(4834,'Turvolândia', 11),
(4838,'Ubá', 11),
(4839,'Ubaí', 11),
(4843,'Ubaporanga', 11),
(4847,'Uberaba', 11),
(4848,'Uberlândia', 11),
(4860,'Umburatiba', 11),
(4865,'Unaí', 11),
(4884,'Urucânia', 11),
(4888,'Urucuia', 11),
(4915,'Vargem Bonita', 11),
(4920,'Varginha', 11),
(4928,'Várzea da Palma', 11),
(4936,'Varzelândia', 11),
(4938,'Vazante', 11),
(4953,'Veríssimo', 11),
(4956,'Vespasiano', 11),
(4966,'Viçosa', 11),
(4973,'Vieiras', 11),
(4988,'Virgem da Lapa', 11),
(4989,'Virgínia', 11),
(4990,'Virginópolis', 11),
(4991,'Virgolândia', 11),
(4993,'Visconde do Rio Branco', 11),
(5009,'Volta Grande', 11),
(5016,'Wenceslau Braz', 11),
(24,'Acrelândia', 12),
(49,'Água Clara', 12),
(92,'Alcinópolis', 12),
(170,'Amambai', 12),
(204,'Anastácio', 12),
(205,'Anaurilândia', 12),
(216,'Angélica', 12),
(244,'Antônio João', 12),
(254,'Aparecida do Taboado', 12),
(268,'Aquidauana', 12),
(299,'Aral Moreira', 12),
(9019,'Arapuá', 12),
(440,'Bandeirantes', 12),
(508,'Bataguassu', 12),
(509,'Bataiporã', 12),
(519,'Bela Vista', 12),
(590,'Bodoquena', 12),
(637,'Bonito', 12),
(666,'Brasilândia', 12),
(725,'Caarapó', 12),
(818,'Camapuã', 12),
(5151,'Cambaretam', 12),
(865,'Campo Grande', 12),
(963,'Caracol', 12),
(1035,'Cassilândia', 12),
(1106,'Chapadão do Sul', 12),
(1230,'Corguinho', 12),
(1250,'Coronel Sapucaia', 12),
(1262,'Corumbá', 12),
(1273,'Costa Rica', 12),
(1281,'Coxim', 12),
(1362,'Deodápolis', 12),
(1403,'Dois Irmãos do Buriti', 12),
(1434,'Douradina', 12),
(1438,'Dourados', 12),
(1459,'Eldorado', 12),
(1555,'Fátima do Sul', 12),
(1696,'Glória de Dourados', 12),
(1819,'Guia Lopes da Laguna', 12),
(1918,'Igaci', 12),
(1938,'Iguatemi', 12),
(1992,'Inocência', 12),
(2172,'Itaporã', 12),
(2185,'Itaquiraí', 12),
(2236,'Ivinhema', 12),
(2310,'Japorã', 12),
(2317,'Jaraguari', 12),
(2319,'Jardim', 12),
(2336,'Jateí', 12),
(2431,'Juti', 12),
(2437,'Ladário', 12),
(5137,'Lagoa Bonita', 12),
(2476,'Laguna Carapã', 12),
(2667,'Maracaju', 12),
(2817,'Miranda', 12),
(2939,'Mundo Novo', 12),
(2968,'Naviraí', 12),
(2987,'Nioaque', 12),
(3008,'Nova Alvorada do Sul', 12),
(3011,'Nova Andradina', 12),
(3110,'Novo Horizonte do Sul', 12),
(3269,'Paranaíba', 12),
(3278,'Paranhos', 12),
(3387,'Pedro Gomes', 12),
(3562,'Ponta Porã', 12),
(9068,'Ponte Vermelha', 12),
(9002,'Porto Esperança', 12),
(3613,'Porto Murtinho', 12),
(3783,'Ribas do Rio Pardo', 12),
(3816,'Rio Brilhante', 12),
(3849,'Rio Negro', 12),
(3865,'Rio Verde de Mato Grosso', 12),
(3873,'Rochedo', 12),
(4062,'Santa Rita do Pardo', 12),
(4239,'São Gabriel do Oeste', 12),
(4494,'Selvíria', 12),
(4560,'Sete Quedas', 12),
(4565,'Sidrolândia', 12),
(5139,'Silvolândia', 12),
(4606,'Sonora', 12),
(4637,'Tacuru', 12),
(4682,'Taquarussu', 12),
(4713,'Terenos', 12),
(4785,'Três Lagoas', 12),
(4964,'Vicentina', 12),
(5133,'Acorizal', 13),
(1,'Acorizal', 13),
(45,'Água Boa', 13),
(9098,'Água da Prata', 13),
(5033,'Água Fria', 13),
(5034,'Aguapeí', 13),
(9109,'Águas Claras', 13),
(5036,'Alcantilado', 13),
(122,'Alta Floresta', 13),
(9114,'Alto Alegre', 13),
(136,'Alto Araguaia', 13),
(137,'Alto Boa Vista', 13),
(5037,'Alto Coité', 13),
(139,'Alto Garças', 13),
(143,'Alto Paraguai', 13),
(5038,'Alto Paraíso', 13),
(153,'Alto Taquari', 13),
(5039,'Analândia do Norte', 13),
(5040,'Anhumas', 13),
(9133,'Antonio Rosa', 13),
(5041,'Aparecida do Leste', 13),
(257,'Apiacás', 13),
(291,'Araguaiana', 13),
(293,'Araguainha', 13),
(314,'Araputanga', 13),
(347,'Arenápolis', 13),
(352,'Aripuanã', 13),
(5042,'Arruda', 13),
(5043,'Assarí', 13),
(9089,'Assentamento Antonio Conselheiro', 13),
(447,'Barão de Melgaço', 13),
(468,'Barra do Bugres', 13),
(472,'Barra do Garças', 13),
(5044,'Batovi', 13),
(5045,'Baús', 13),
(5046,'Bauxi', 13),
(5047,'Bezerro Branco', 13),
(5048,'Boa Esperança do Norte', 13),
(5049,'Boa União', 13),
(5050,'Boa Vista', 13),
(9127,'Bocaiuval', 13),
(9115,'Bom Jardim', 13),
(5297,'Bom Jesus do Araguaia', 13),
(5051,'Bom Sucesso', 13),
(673,'Brasnorte', 13),
(9073,'Brianorte', 13),
(9132,'Brianorte', 13),
(5052,'Buriti', 13),
(9031,'Buriti', 13),
(743,'Cáceres', 13),
(9096,'Cachoeirinha', 13),
(9042,'Cafelândia', 13),
(5053,'Caité', 13),
(846,'Campinápolis', 13),
(9129,'Campinas Verde', 13),
(873,'Campo Novo do Parecis', 13),
(875,'Campo Verde', 13),
(5123,'Campos de Julio', 13),
(888,'Canabrava do Norte', 13),
(896,'Canarana', 13),
(5054,'Cangas', 13),
(5055,'Capão Grande', 13),
(5056,'Capão Verde', 13),
(5057,'Caramujo', 13),
(5058,'Caravágio', 13),
(5124,'Carlinda', 13),
(5059,'Cassununga', 13),
(1037,'Castanheira', 13),
(5060,'Catuaí', 13),
(9110,'Catuaí', 13),
(5113,'Celma', 13),
(1104,'Chapada dos Guimarães', 13),
(1131,'Cláudia', 13),
(1139,'Cocalinho', 13),
(1150,'Colíder', 13),
(5280,'Colniza', 13),
(9105,'Colônia dos Mineiros', 13),
(5061,'Colorado do Norte', 13),
(1170,'Comodoro', 13),
(1201,'Confresa', 13),
(9034,'Conquista d''Oeste', 13),
(5062,'Coqueiral', 13),
(5063,'Coronel Ponce', 13),
(1277,'Cotriguaçu', 13),
(5064,'Coxipó da Ponte', 13),
(5065,'Coxipó do Ouro', 13),
(5066,'Cristinópolis', 13),
(5067,'Cristo Rei', 13),
(1325,'Cuiabá', 13),
(5069,'Curvelândia', 13),
(1361,'Denise', 13),
(5032,'Diamantino', 13),
(9141,'Distrito de Deciolândia', 13),
(9088,'Distrito de Joaquim do Boche', 13),
(9087,'Distrito de São Jorge', 13),
(1408,'Dom Aquino', 13),
(5070,'Engenho', 13),
(5071,'Engenho Velho', 13),
(5072,'Entre Rios', 13),
(9130,'Espigão Do Leste', 13),
(9131,'Estrela do Araguaia', 13),
(5134,'Estrela do Leste', 13),
(9095,'Farinópolis', 13),
(5073,'Faval', 13),
(9123,'Fazenda de Cima', 13),
(5125,'Feliz Natal', 13),
(1586,'Figueirópolis D''oeste', 13),
(9113,'Flor da Serra', 13),
(5075,'Fontanilhas', 13),
(5126,'Gaúcha do Norte', 13),
(1682,'General Carneiro', 13),
(9139,'Gleba Bojuí', 13),
(9138,'Gleba Caeté', 13),
(9142,'Gleba Parecis', 13),
(9140,'Gleba Sumidouro', 13),
(9086,'Gleba Triângulo', 13),
(1695,'Glória D''Oeste', 13),
(9112,'Groslândia', 13),
(1797,'Guarantã do Norte', 13),
(9102,'Guariba', 13),
(9104,'Guariba', 13),
(1823,'Guiratinga', 13),
(5077,'Horizonte do Oeste', 13),
(1979,'Indiavaí', 13),
(9032,'Ipiranga do Norte', 13),
(5078,'Irenópolis', 13),
(9030,'Itanhangá', 13),
(9101,'Itanorte', 13),
(2203,'Itaúba', 13),
(2211,'Itiquira', 13),
(2257,'Jaciara', 13),
(2298,'Jangada', 13),
(9093,'Jaraguá', 13),
(5079,'Jarudore', 13),
(5080,'Jatobá', 13),
(2341,'Jauru', 13),
(5081,'Joselândia', 13),
(2392,'Juara', 13),
(2402,'Juína', 13),
(2422,'Juruena', 13),
(2424,'Juscimeira', 13),
(2493,'Lambari D''Oeste', 13),
(5083,'Lavouras', 13),
(2561,'Lucas do Rio Verde', 13),
(5082,'Lucialva', 13),
(2565,'Luciara', 13),
(2683,'Marcelândia', 13),
(5287,'Marechal Rondon', 13),
(2759,'Matupá', 13),
(5084,'Mazargão', 13),
(5085,'Mimoso', 13),
(9045,'Ministro João Alberto', 13),
(2828,'Mirassol D''Oeste', 13),
(5279,'Monte Castelo D''Oeste', 13),
(2992,'Nobres', 13),
(9106,'Noroagro', 13),
(2996,'Nortelândia', 13),
(5074,'Nossa Senhora Aparecida do Chumbo', 13),
(5076,'Nossa Senhora da Guia', 13),
(3002,'Nossa Senhora do Livramento', 13),
(5086,'Nova Alvorada', 13),
(3015,'Nova Bandeirantes', 13),
(3018,'Nova Brasilândia', 13),
(9046,'Nova Brasília', 13),
(3023,'Nova Canaã do Norte', 13),
(9092,'Nova Catanduva', 13),
(5087,'Nova Galiléia', 13),
(3041,'Nova Guarita', 13),
(5127,'Nova Lacerda', 13),
(3056,'Nova Marilândia', 13),
(3057,'Nova Maringá', 13),
(3059,'Nova Monte Verde', 13),
(3060,'Nova Mutum', 13),
(9028,'Nova Nazaré', 13),
(3063,'Nova Olímpia', 13),
(5105,'Nova Santa Helena', 13),
(5128,'Nova Ubiratã', 13),
(9107,'Nova União', 13),
(3095,'Nova Xavantina', 13),
(5088,'Novo Eldorado', 13),
(3108,'Novo Horizonte do Norte', 13),
(9119,'Novo Mato Grosso', 13),
(5129,'Novo Mundo', 13),
(5296,'Novo Santo Antônio', 13),
(3120,'Novo São Joaquim', 13),
(9117,'Ouro Branco', 13),
(9108,'Ouro Verde dos Pioneiros', 13),
(5089,'Padronal', 13),
(5286,'Palmeiras', 13),
(9103,'Panelas', 13),
(5271,'Pantanalzinho', 13),
(9043,'Paraiso da Serra', 13),
(5090,'Paraíso do Leste', 13),
(3271,'Paranaíta', 13),
(3276,'Paranatinga', 13),
(9077,'Paranorte', 13),
(9044,'Paredão Grande', 13),
(9118,'Parque Água Limpa', 13),
(5091,'Passagem da Conceição', 13),
(9097,'Pedra Grande', 13),
(9126,'Pedra Neca', 13),
(3368,'Pedra Preta', 13),
(3395,'Peixoto de Azevedo', 13),
(9122,'Piratininga', 13),
(5092,'Pirizal', 13),
(3536,'Planalto da Serra', 13),
(3550,'Poconé', 13),
(5093,'Pombas', 13),
(3564,'Pontal de Araguaia', 13),
(3573,'Ponte Branca', 13),
(3577,'Pontes e Lacerda', 13),
(9078,'Pontinópolis', 13),
(3595,'Porto Alegre do Norte', 13),
(3603,'Porto dos Gaúchos', 13),
(3604,'Porto Esperidião', 13),
(3605,'Porto Estrela', 13),
(9136,'Posto Gil', 13),
(9137,'Posto Gil', 13),
(3635,'Poxoréu', 13),
(5095,'Primavera', 13),
(9124,'Primavera do Fontoura', 13),
(3678,'Primavera do Leste', 13),
(5130,'Progresso', 13),
(3708,'Querência', 13),
(5096,'Rancharia', 13),
(3760,'Reserva do Cabaçal', 13),
(3790,'Ribeirão Cascalheira', 13),
(5097,'Ribeirão dos Cocais', 13),
(3801,'Ribeirãozinho', 13),
(3814,'Rio Branco', 13),
(5098,'Rio da Casca', 13),
(5099,'Riolândia', 13),
(5100,'Rondolândia', 13),
(3891,'Rondonópolis', 13),
(3898,'Rosário Oeste', 13),
(3942,'Salto do Céu', 13),
(3972,'Santa Carmem', 13),
(5101,'Santa Cruz do Xingú', 13),
(5102,'Santa Elvira', 13),
(5103,'Santa Fé', 13),
(5104,'Santa Rita', 13),
(9029,'Santa Rita do Trivelato', 13),
(4083,'Santa Terezinha', 13),
(9120,'Santa Terezinha do Rio Ferro', 13),
(9116,'Santaninha', 13),
(4121,'Santo Afonso', 13),
(9047,'Santo Antônio', 13),
(4149,'Santo Antônio de Leverger', 13),
(9033,'Santo Antônio do Fontoura', 13),
(9012,'Santo Antônio do Leste', 13),
(9121,'Santo Antonio do Rio Bonito', 13),
(5106,'São Domingos do Guaporé', 13),
(4213,'São Félix do Araguaia', 13),
(5107,'São Joaquim', 13),
(5109,'São Jorge', 13),
(9100,'São José do Couto', 13),
(5110,'São José do Planalto', 13),
(4345,'São José do Povo', 13),
(4346,'São José do Rio Claro', 13),
(4352,'São José do Xingu', 13),
(4357,'São José dos Quatro Marcos', 13),
(5111,'São Lourenço de Fátima', 13),
(4411,'São Pedro da Cipa', 13),
(5112,'São Vicente da Serra', 13),
(5131,'Sapezal', 13),
(5295,'Serra Nova Dourada', 13),
(9094,'Serrinha', 13),
(4583,'Sinop', 13),
(5114,'Sonho Azul', 13),
(4608,'Sorriso', 13),
(4623,'Tabaporã', 13),
(4653,'Tangará da Serra', 13),
(5115,'Tapirapuã', 13),
(4671,'Tapurah', 13),
(4724,'Terra Nova do Norte', 13),
(9111,'Terra Roxa', 13),
(4729,'Tesouro', 13),
(5116,'Toricueije', 13),
(4762,'Torixoréo', 13),
(5132,'União do Sul', 13),
(9048,'Utiariti', 13),
(9035,'Vale de São Domingos', 13),
(5117,'Vale dos Sonhos', 13),
(5118,'Vale Rico', 13),
(5119,'Varginha', 13),
(4932,'Várzea Grande', 13),
(4943,'Vera', 13),
(9125,'Veranópolis', 13),
(9099,'Vila Aparecida', 13),
(4976,'Vila Bela da Santíssima Trindade', 13),
(9128,'Vila Cardoso', 13),
(5120,'Vila Operária', 13),
(5122,'Vila Progresso', 13),
(4983,'Vila Rica', 13),
(4,'Abaetetuba', 14),
(10,'Abel Figueiredo', 14),
(12,'Abidos', 14),
(19,'Acará', 14),
(38,'Afuá', 14),
(43,'Água Azul do Norte', 14),
(101,'Alenquer', 14),
(114,'Almeirim', 14),
(125,'Altamira', 14),
(196,'Anajás', 14),
(201,'Ananindeua', 14),
(389,'Augusto Corrêa', 14),
(399,'Aurora do Pará', 14),
(405,'Aveiro', 14),
(416,'Bagre', 14),
(420,'Baião', 14),
(455,'Barcarena', 14),
(524,'Belém', 14),
(542,'Benevides', 14),
(613,'Bom Jesus do Tacantins', 14),
(635,'Bonito', 14),
(660,'Bragança', 14),
(665,'Brasil Novo', 14),
(687,'Brejo Grande do Araguaia', 14),
(691,'Breu Branco', 14),
(692,'Breves', 14),
(707,'Bujaru', 14),
(750,'Cachoeira do Arari', 14),
(831,'Cametá', 14),
(931,'Capanema', 14),
(955,'Capitão Poço', 14),
(1036,'Castanhal', 14),
(1114,'Chaves', 14),
(1148,'Colares', 14),
(1181,'Conceição do Araguaia', 14),
(1194,'Concórdia do Pará', 14),
(1331,'Cumaru do Norte', 14),
(1338,'Curionópolis', 14),
(1344,'Curralinho', 14),
(1345,'Curuçá', 14),
(1411,'Dom Eliseu', 14),
(1462,'Eldorado dos Carajás', 14),
(1549,'Faro', 14),
(1672,'Garrafão do Norte', 14),
(1704,'Goianésia do Pará', 14),
(1828,'Gurupá', 14),
(1924,'Igarapé-Açu', 14),
(1925,'Igarapé-Miri', 14),
(1985,'Inhangapi', 14),
(2015,'Ipixuna do Pará', 14),
(2057,'Irituia', 14),
(2104,'Itaituba', 14),
(5148,'Itaituba', 14),
(2225,'Itupiranga', 14),
(2253,'Jacareacanga', 14),
(2265,'Jacundá', 14),
(2423,'Juruti', 14),
(2538,'Limoeiro do Ajuru', 14),
(2609,'Mãe do Rio', 14),
(2612,'Magalhães Barata', 14),
(2663,'Marabá', 14),
(2668,'Maracanã', 14),
(2675,'Marapanim', 14),
(2773,'Medicilândia', 14),
(2776,'Melgaço', 14),
(2834,'Mocajuba', 14),
(2845,'Moju', 14),
(2863,'Monte Alegre', 14),
(2927,'Muaná', 14),
(3031,'Nova Esperança do Piriá', 14),
(3087,'Nova Timboteua', 14),
(3118,'Novo Progresso', 14),
(3119,'Novo Repartimento', 14),
(3127,'Oeiras do Pará', 14),
(3150,'Oriximiná', 14),
(3163,'Ourém', 14),
(3166,'Ourilândia do Norte', 14),
(3185,'Pacajá', 14),
(3204,'Palestina do Pará', 14),
(3248,'Paragominas', 14),
(3284,'Parauapebas', 14),
(3331,'Pau D''Arco', 14),
(3394,'Peixe-Boi', 14),
(3568,'Pontas de Pedras', 14),
(3590,'Portel', 14),
(3601,'Porto de Moz', 14),
(3643,'Prainha', 14),
(3676,'Primavera', 14),
(3744,'Redenção', 14),
(3846,'Rio Maria', 14),
(3890,'Rondon do Pará', 14),
(3906,'Rurópolis', 14),
(3933,'Salinópolis', 14),
(3950,'Salvaterra', 14),
(3967,'Santa Bárbara do Pará', 14),
(3987,'Santa Cruz do Arari', 14),
(4014,'Santa Isabel do Pará', 14),
(4029,'Santa Luzia do Pará', 14),
(4036,'Santa Maria das Barreiras', 14),
(4042,'Santa Maria do Pará', 14),
(4100,'Santana do Araguaia', 14),
(4118,'Santarém', 14),
(4119,'Santarém Novo', 14),
(4157,'Santo Antônio do Tauá', 14),
(4190,'São Caetano de Odivelas', 14),
(4203,'São Domingos do Araguaia', 14),
(4204,'São Domingos do Capim', 14),
(4217,'São Félix do Xingu', 14),
(4231,'São Francisco do Pará', 14),
(4242,'São Geraldo do Araguaia', 14),
(4275,'São João de Pirabas', 14),
(4279,'São João do Guamá', 14),
(4434,'São Sebastião da Boa Vista', 14),
(4504,'Senador José Porfírio', 14),
(4609,'Soure', 14),
(4641,'Tailândia', 14),
(4719,'Terra Alta', 14),
(4728,'Terra Santa', 14),
(4759,'Tomé-Açu', 14),
(4769,'Trairão', 14),
(4804,'Tucumã', 14),
(4806,'Tucuruí', 14),
(4855,'Ulianópolis', 14),
(4881,'Uruará', 14),
(4974,'Vigia', 14),
(4994,'Viseu', 14),
(5006,'Vitória do Xingu', 14),
(5028,'Xinguara', 14),
(48,'Água Branca', 15),
(75,'Aguiar', 15),
(82,'Alagoa Grande', 15),
(83,'Alagoa Nova', 15),
(84,'Alagoinha', 15),
(109,'Alhandra', 15),
(271,'Araçagi', 15),
(316,'Arara', 15),
(325,'Araruna', 15),
(342,'Areia', 15),
(345,'Areial', 15),
(357,'Aroeiras', 15),
(417,'Baía da Traição', 15),
(436,'Bananeiras', 15),
(463,'Barra de Santa Rosa', 15),
(467,'Barra de São Miguel', 15),
(515,'Bayeux', 15),
(523,'Belém', 15),
(528,'Belém do Brejo do Cruz', 15),
(574,'Boa Ventura', 15),
(601,'Bom Jesus', 15),
(623,'Bom Sucesso', 15),
(638,'Bonito de Santa Fé', 15),
(639,'Boqueirão', 15),
(646,'Borborema', 15),
(684,'Brejo do Cruz', 15),
(685,'Brejo dos Santos', 15),
(724,'Caaporã', 15),
(727,'Cabaceiras', 15),
(752,'Cachoeira dos Índios', 15),
(761,'Cacimba de Areia', 15),
(762,'Cacimba de Dentro', 15),
(785,'Caiçara', 15),
(796,'Cajazeiras', 15),
(804,'Caldas Brandão', 15),
(815,'Camalaú', 15),
(842,'Campina Grande', 15),
(1016,'Carrapateira', 15),
(1054,'Catingueira', 15),
(1056,'Catolé do Rocha', 15),
(1171,'Conceição', 15),
(1196,'Condado', 15),
(1197,'Conde', 15),
(1202,'Congo', 15),
(1229,'Coremas', 15),
(1310,'Cruz do Espírito Santo', 15),
(1324,'Cubati', 15),
(1326,'Cuité', 15),
(1327,'Cuitegi', 15),
(1343,'Curral Velho', 15),
(1368,'Desterro', 15),
(1373,'Diamante', 15),
(1426,'Dona Inês', 15),
(1448,'Duas Estradas', 15),
(1469,'Emas', 15),
(1506,'Esperança', 15),
(1543,'Fagundes', 15),
(1650,'Frei Martinho', 15),
(1776,'Guarabira', 15),
(1826,'Gurinhém', 15),
(1827,'Gurjão', 15),
(1871,'Ibiara', 15),
(1920,'Igaracy', 15),
(1952,'Imaculada', 15),
(1980,'Ingá', 15),
(2063,'Itabaiana', 15),
(2174,'Itaporanga', 15),
(2177,'Itapororoca', 15),
(2200,'Itatuba', 15),
(2251,'Jacaraú', 15),
(2350,'Jericó', 15),
(2370,'João Pessoa', 15),
(2393,'Juarez Távora', 15),
(2396,'Juazeirinho', 15),
(2406,'Junco do Seridó', 15),
(2418,'Juripiranga', 15),
(2419,'Juru', 15),
(2446,'Lagoa', 15),
(2452,'Lagoa de Dentro', 15),
(2470,'Lagoa Seca', 15),
(2506,'Lastro', 15),
(2548,'Livramento', 15),
(2563,'Lucena', 15),
(2608,'Mãe D''ãgua', 15),
(2630,'Malta', 15),
(2631,'Mamanguape', 15),
(2636,'Manaíra', 15),
(2695,'Mari', 15),
(2729,'Massaranduba', 15),
(2737,'Mataraca', 15),
(2839,'Mogeiro', 15),
(2858,'Montadas', 15),
(2881,'Monte Horebe', 15),
(2887,'Monteiro', 15),
(2936,'Mulungu', 15),
(2966,'Natuba', 15),
(2975,'Nazarezinho', 15),
(3037,'Nova Floresta', 15),
(3065,'Nova Olinda', 15),
(3070,'Nova Palmeira', 15),
(3131,'Olho d''água', 15),
(3141,'Olivedos', 15),
(3176,'Ouro Velho', 15),
(3308,'Passagem', 15),
(3322,'Patos', 15),
(3340,'Paulista', 15),
(3359,'Pedra Branca', 15),
(3366,'Pedra Lavada', 15),
(3373,'Pedras de Fogo', 15),
(3429,'Piancó', 15),
(3435,'Picuí', 15),
(3442,'Pilar', 15),
(3446,'Pilões', 15),
(3448,'Pilõezinhos', 15),
(3517,'Pirpirituba', 15),
(3522,'Pitimbu', 15),
(3542,'Pocinhos', 15),
(3555,'Pombal', 15),
(3646,'Prata', 15),
(3681,'Princesa Isabel', 15),
(3691,'Puxinanã', 15),
(3702,'Queimadas', 15),
(3721,'Quixaba', 15),
(3753,'Remígio', 15),
(3777,'Riacho dos Cavalos', 15),
(3863,'Rio Tinto', 15),
(3920,'Saldago de São Félix', 15),
(3926,'Salgadinho', 15),
(3977,'Santa Cruz', 15),
(4003,'Santa Helena', 15),
(4022,'Santa Luzia', 15),
(4053,'Santa Rita', 15),
(4077,'Santa Teresinha', 15),
(4096,'Santana de Mangueira', 15),
(4116,'Santana dos Garrotes', 15),
(4175,'São Bento', 15),
(4278,'São João do Cariri', 15),
(4291,'São João do Rio do Peixe', 15),
(4294,'São João do Tigre', 15),
(4310,'São José da Lagoa Tapada', 15),
(4319,'São José de Caiana', 15),
(4320,'São José de Espinharas', 15),
(4321,'São José de Piranhas', 15),
(4326,'São José do Bonfim', 15),
(4349,'São José do Sabugi', 15),
(4355,'São José dos Cordeiros', 15),
(4376,'São Mamede', 15),
(4392,'São Miguel de Taipu', 15),
(4436,'São Sebastião de Lagoa de Roça', 15),
(4447,'São Sebastião do Umbuzeiro', 15),
(4467,'Sapé', 15),
(4518,'Seridó', 15),
(4526,'Serra Branca', 15),
(4527,'Serra da Raiz', 15),
(4536,'Serra Grande', 15),
(4540,'Serra Redonda', 15),
(4546,'Serraria', 15),
(4599,'Solânea', 15),
(4600,'Soledade', 15),
(4610,'Sousa', 15),
(4618,'Sumé', 15),
(4636,'Tacima', 15),
(4663,'Taperoá', 15),
(4693,'Tavares', 15),
(4696,'Teixeira', 15),
(4797,'Triunfo', 15),
(4854,'Uiraúna', 15),
(4861,'Umbuzeiro', 15),
(4924,'Várzea', 15),
(4999,'Vista Serrana', 15),
(14,'Abreu e Lima', 16),
(33,'Afogados da Ingazeira', 16),
(37,'Afrânio', 16),
(39,'Agrestina', 16),
(57,'Água Preta', 16),
(61,'Águas Belas', 16),
(85,'Alagoinha', 16),
(110,'Aliança', 16),
(130,'Altinho', 16),
(173,'Amaraji', 16),
(217,'Angelim', 16),
(323,'Araripina', 16),
(337,'Arcoverde', 16),
(462,'Barra da Guabiraba', 16),
(494,'Barreiros', 16),
(526,'Belém de Maria', 16),
(527,'Belém de São Franciso', 16),
(535,'Belo Jardim', 16),
(555,'Betânia', 16),
(557,'Bezerros', 16),
(589,'Bodocó', 16),
(593,'Bom Conselho', 16),
(595,'Bom Jardim', 16),
(634,'Bonito', 16),
(679,'Brejão', 16),
(680,'Brejinho', 16),
(683,'Brejo da Madre de Deus', 16),
(703,'Buenos Aires', 16),
(705,'Buíque', 16),
(732,'Cabo de Santo Agostinho', 16),
(737,'Cabrobó', 16),
(757,'Cachoeirinha', 16),
(773,'Caetés', 16),
(801,'Calçado', 16),
(811,'Calumbi', 16),
(820,'Camaragibe', 16),
(833,'Camocim de São Félix', 16),
(887,'Camutanga', 16),
(918,'Canhotinho', 16),
(960,'Capoeiras', 16),
(1006,'Carnaíba', 16),
(1010,'Carnaubeira da Penha', 16),
(1014,'Carpina', 16),
(1019,'Caruaru', 16),
(1052,'Catende', 16),
(1072,'Cedro', 16),
(1097,'Chã de Alegria', 16),
(1098,'Chã Grande', 16),
(1195,'Condado', 16),
(1259,'Correntes', 16),
(1261,'Cortês', 16),
(1330,'Cumaru', 16),
(1335,'Cupira', 16),
(1348,'Custódia', 16),
(1433,'Dormentes', 16),
(1502,'Escada', 16),
(1542,'Exu', 16),
(1566,'Feira Nova', 16),
(1576,'Fernando de Noronha (Distrito Estadual)', 16),
(1581,'Ferreiros', 16),
(1597,'Flores', 16),
(1601,'Floresta', 16),
(1651,'Frei Miguelinho', 16),
(1665,'Gameleira', 16),
(1667,'Garanhuns', 16),
(1697,'Glória do Goitá', 16),
(1701,'Goiana', 16),
(1736,'Granito', 16),
(1742,'Gravatá', 16),
(1858,'Iati', 16),
(1879,'Ibimirim', 16),
(1888,'Ibirajuba', 16),
(9067,'Ibiranga', 16),
(1926,'Igarassu', 16),
(1934,'Iguaraci', 16),
(1965,'Inajá', 16),
(1982,'Ingazeira', 16),
(2016,'Ipojuca', 16),
(2026,'Ipubi', 16),
(2081,'Itacuruba', 16),
(2096,'Itaíba', 16),
(2114,'Itamaracá', 16),
(2123,'Itambé', 16),
(2151,'Itapetim', 16),
(2166,'Itapissuma', 16),
(2186,'Itaquitinga', 16),
(2240,'Jaboatão dos Guararapes', 16),
(2335,'Jataúba', 16),
(2364,'João Alfredo', 16),
(2375,'Joaquim Nabuco', 16),
(2399,'Jucati', 16),
(2412,'Jupi', 16),
(2417,'Jurema', 16),
(2456,'Lagoa do Carro', 16),
(2457,'Lagoa do Itaenga', 16),
(2458,'Lagoa do Ouro', 16),
(2460,'Lagoa dos Gatos', 16),
(2486,'Lajedo', 16),
(2536,'Limoeiro', 16),
(2588,'Macaparana', 16),
(2601,'Machados', 16),
(2673,'Maraial', 16),
(2819,'Mirandiba', 16),
(2900,'Moreilândia', 16),
(2902,'Moreno', 16),
(2971,'Nazaré da Mata', 16),
(3139,'Olinda', 16),
(3154,'Orobó', 16),
(3155,'Orocó', 16),
(3165,'Ouricuri', 16),
(3209,'Palmares', 16),
(3225,'Palmeirinha', 16),
(3238,'Panelas', 16),
(3275,'Paranatama', 16),
(3300,'Parnamirim', 16),
(3312,'Passira', 16),
(3334,'Paudalho', 16),
(3341,'Paulista', 16),
(3356,'Pedra', 16),
(3421,'Pesqueira', 16),
(3422,'Petrolândia', 16),
(3424,'Petrolina', 16),
(3540,'Poção', 16),
(3556,'Pombos', 16),
(3675,'Primavera', 16),
(3716,'Quipapá', 16),
(3722,'Quixabá', 16),
(3741,'Recife', 16),
(3774,'Riacho das Almas', 16),
(3787,'Ribeirão', 16),
(3839,'Rio Formoso', 16),
(3919,'Sairé', 16),
(3927,'Salgadinho', 16),
(3930,'Salgueiro', 16),
(3936,'Saloá', 16),
(3958,'Sanharó', 16),
(3978,'Santa Cruz', 16),
(3981,'Santa Cruz da Baixa Verde', 16),
(3988,'Santa Cruz do Capibaribe', 16),
(4033,'Santa Maria da Boa Vista', 16),
(4039,'Santa Maria do Cambucá', 16),
(4082,'Santa Terezinha', 16),
(4173,'São Benedito do Sul', 16),
(4182,'São Bento do Una', 16),
(4192,'São Caitano', 16),
(4257,'São João', 16),
(4301,'São Joaquim do Monte', 16),
(4309,'São José da Coroa Grande', 16),
(4325,'São José do Belmonte', 16),
(4333,'São José do Egito', 16),
(4362,'São Lourenço da Mata', 16),
(4465,'São Vicente Ferrer', 16),
(4541,'Serra Talhada', 16),
(4549,'Serrita', 16),
(4553,'Sertânia', 16),
(4585,'Sirinhaém', 16),
(4603,'Solidão', 16),
(4620,'Surubim', 16),
(4627,'Tabira', 16),
(4633,'Tacaimbó', 16),
(4634,'Tacaratu', 16),
(4678,'Taquaritinga do Norte', 16),
(4717,'Terezinha', 16),
(4722,'Terra Nova', 16),
(4738,'Timbaúba', 16),
(4761,'Toritama', 16),
(4767,'Tracunhaém', 16),
(4795,'Trindade', 16),
(4798,'Triunfo', 16),
(4816,'Tupanatinga', 16),
(4821,'Tuparetama', 16),
(4942,'Venturosa', 16),
(4950,'Verdejante', 16),
(4954,'Vertente do Lério', 16),
(4955,'Vertentes', 16),
(4962,'Vicência', 16),
(5004,'Vitória de Santo Antão', 16),
(5027,'Xexéu', 16),
(40,'Agricolândia', 17),
(47,'Água Branca', 17),
(86,'Alagoinha do Piauí', 17),
(97,'Alegre do Piauí', 17),
(142,'Alto Longá', 17),
(155,'Altos', 17),
(175,'Amarante', 17),
(220,'Angical do Piauí', 17),
(230,'Anísio de Abreu', 17),
(238,'Antônio Almeida', 17),
(356,'Aroazes', 17),
(358,'Arraial', 17),
(406,'Avelino Lopes', 17),
(422,'Baixa Grande do Ribeiro', 17),
(488,'Barras', 17),
(491,'Barreiras do Piauí', 17),
(500,'Barro Duro', 17),
(511,'Batalha', 17),
(539,'Beneditinos', 17),
(552,'Bertolínia', 17),
(584,'Bocaina', 17),
(602,'Bom Jesus', 17),
(616,'Bom Príncipe do Piauí', 17),
(630,'Bonfim do Piauí', 17),
(670,'Brasileira', 17),
(715,'Buriti dos Lopes', 17),
(716,'Buriti dos Montes', 17),
(730,'Cabeceiras do Piauí', 17),
(808,'Caldeirão Grande do Piauí', 17),
(848,'Campinas do Piauí', 17),
(869,'Campo Maior', 17),
(897,'Canavieira', 17),
(928,'Canto do Buriti', 17),
(952,'Capitão de Campos', 17),
(964,'Caracol', 17),
(1041,'Castelo do Piauí', 17),
(1137,'Cocal', 17),
(1147,'Coivaras', 17),
(1159,'Colônia do Gurguéia', 17),
(1160,'Colônia do Piauí', 17),
(1182,'Conceição do Canindé', 17),
(1245,'Coronel José Dias', 17),
(1258,'Corrente', 17),
(1294,'Cristalândia do Piauí', 17),
(1301,'Cristino Castro', 17),
(1337,'Curimatá', 17),
(1360,'Demerval Lobão', 17),
(1385,'Dirceu Arcoverde', 17),
(1412,'Dom Expedito Lopes', 17),
(1414,'Dom inocêncio', 17),
(1422,'Domingos Mourão', 17),
(1463,'Elesbão Veloso', 17),
(1465,'Eliseu Martins', 17),
(1507,'Esperantina', 17),
(1553,'Fartura do Piauí', 17),
(1600,'Flores do Piauí', 17),
(1606,'Floriano', 17),
(1635,'Francinópolis', 17),
(1637,'Francisco Ayres', 17),
(1644,'Francisco Santos', 17),
(1655,'Fronteiras', 17),
(1690,'Gilbués', 17),
(1753,'Guadalupe', 17),
(1847,'Hugo Napoleão', 17),
(1989,'Inhuma', 17),
(2012,'Ipiranga do Piauí', 17),
(2059,'Isaías Coelho', 17),
(2098,'Itainópolis', 17),
(2206,'Itaueira', 17),
(2262,'Jacobina do Piauí', 17),
(2286,'Jaicós', 17),
(2324,'Jardim do Mulato', 17),
(2376,'Joaquim Pires', 17),
(2389,'José de Freitas', 17),
(2352,'Jurumenha', 17),
(2447,'Lagoa Alegre', 17),
(2455,'Lagoa do Barro do Piauí', 17),
(2495,'Landri Sales', 17),
(2568,'Luís Correia', 17),
(2583,'Luzilândia', 17),
(2650,'Manoel Emídio', 17),
(2688,'Marcolândia', 17),
(2689,'Marcos Parente', 17),
(2745,'Matias Olímpio', 17),
(2788,'Miguel Alves', 17),
(2790,'Miguel Leão', 17),
(2853,'Monsenhor Gil', 17),
(2854,'Monsenhor Hipólito', 17),
(2868,'Monte Alegre do Piauí', 17),
(2972,'Nazaré do Piauí', 17),
(3004,'Nossa Senhora dos Remédios', 17),
(3116,'Novo Oriente do Piauí', 17),
(3126,'Oeiras', 17),
(3193,'Padre Marcos', 17),
(3195,'Paes Landim', 17),
(3218,'Palmeira do Piauí', 17),
(3220,'Palmeirais', 17),
(3298,'Parnaguá', 17),
(3299,'Parnaíba', 17),
(3311,'Passagem Franca do Piauí', 17),
(3324,'Patos do Piauí', 17)
GO
    
INSERT INTO [dbo].[Cidade]([Id], [Nome], [EstadoId]) VALUES
(3342,'Paulistana', 17),
(3388,'Pedro II', 17),
(3434,'Picos', 17),
(3451,'Pimenteiras', 17),
(3475,'Pio IX', 17),
(3484,'Piracuruca', 17),
(3515,'Piripiri', 17),
(3592,'Porto', 17),
(3647,'Prata do Piauí', 17),
(3701,'Queimada Nova', 17),
(3746,'Redenção do Gurguéia', 17),
(3748,'Regeneração', 17),
(3802,'Ribeiro Gonçalves', 17),
(3843,'Rio Grande do Piauí', 17),
(3990,'Santa Cruz do Piauí', 17),
(3993,'Santa Cruz dos Milagres', 17),
(4001,'Santa Filomena', 17),
(4021,'Santa Luz', 17),
(4071,'Santa Rosa do Piauí', 17),
(4112,'Santana do Piauí', 17),
(4136,'Santo Antônio de Lisboa', 17),
(4166,'Santo Inácio do Piauí', 17),
(4189,'São Braz do Piauí', 17),
(4215,'São Félix do Piauí', 17),
(4232,'São Francisco do Piauí', 17),
(4248,'São Gonçalo do Piauí', 17),
(4265,'São João da Canabrava', 17),
(4269,'São João da Serra', 17),
(4289,'São João do Piauí', 17),
(4331,'São José do Divino', 17),
(4343,'São José do Peixe', 17),
(4344,'São josé do Piauí', 17),
(4358,'São Julião', 17),
(4364,'São Lourenço do Piauí', 17),
(4399,'São Miguel do Tapuio', 17),
(4418,'São Pedro do Piauí', 17),
(4425,'São Raimundo Nonato', 17),
(4566,'Sigefredo Pacheco', 17),
(4577,'Simões', 17),
(4581,'Simplício Mendes', 17),
(4598,'Socorro do Piauí', 17),
(4714,'Teresina', 17),
(4866,'União', 17),
(4887,'Uruçuí', 17),
(4905,'Valença do Piauí', 17),
(4927,'Várzea Branca', 17),
(4931,'Várzea Grande', 17),
(8,'Abatiá', 18),
(31,'Adrianópolis', 18),
(73,'Agudos do Sul', 18),
(117,'Almirante Tamandaré', 18),
(127,'Altamira do Paraná', 18),
(146,'Alto Paraná', 18),
(148,'Alto Piquiri', 18),
(154,'Altônia', 18),
(169,'Alvorada do Sul', 18),
(172,'Amaporã', 18),
(192,'Ampére', 18),
(195,'Anahy', 18),
(209,'Andirá', 18),
(225,'ãngulo', 18),
(236,'Antonina', 18),
(246,'Antônio Olinto', 18),
(264,'Apucarana', 18),
(310,'Arapongas', 18),
(312,'Arapoti', 18),
(326,'Araruna', 18),
(332,'Araucária', 18),
(9016,'Ariranha', 18),
(374,'Assaí', 18),
(378,'Assis Chateaubriand', 18),
(380,'Astorga', 18),
(382,'Atalaia', 18),
(430,'Balsa Nova', 18),
(9009,'Bandeirante d''Oeste', 18),
(439,'Bandeirantes', 18),
(454,'Barbosa Ferraz', 18),
(474,'Barra do Jacaré', 18),
(486,'Barracão', 18),
(522,'Bela Vista do Paraíso', 18),
(566,'Bituruna', 18),
(570,'Boa Esperança', 18),
(571,'Boa Esperança do Iguaçu', 18),
(577,'Boa Vista da Aparecida', 18),
(588,'Bocaiúva do Sul', 18),
(624,'Bom Sucesso', 18),
(626,'Bom Sucesso do Sul', 18),
(650,'Borrazópolis', 18),
(662,'Braganey', 18),
(667,'Brasilândia do Sul', 18),
(776,'Cafeara', 18),
(777,'Cafelândia', 18),
(779,'Cafezal do Sul', 18),
(809,'Califórnia', 18),
(822,'Cambará', 18),
(824,'Cambé', 18),
(825,'Cambira', 18),
(839,'Campina da Lagoa', 18),
(843,'Campina Grande do Sul', 18),
(858,'Campo Bonito', 18),
(861,'Campo do Tenente', 18),
(867,'Campo Largo', 18),
(870,'Campo Mourão', 18),
(9084,'Campo Novo', 18),
(905,'Cândido de Abreu', 18),
(9050,'Cândido Rondon', 18),
(912,'Candói', 18),
(925,'Cantagalo', 18),
(932,'Capanema', 18),
(954,'Capitão Leônidas Marques', 18),
(9041,'Carambeí', 18),
(1018,'Carlópolis', 18),
(1028,'Cascavel', 18),
(1043,'Castro', 18),
(1048,'Catanduvas', 18),
(1079,'Centenário do Sul', 18),
(1087,'Cerro Azul', 18),
(1095,'Céu Azul', 18),
(1117,'Chopinzinho', 18),
(1121,'Cianorte', 18),
(1123,'Cidade Gaúcha', 18),
(1134,'Clevelândia', 18),
(1158,'Colombo', 18),
(1162,'Colorado', 18),
(1206,'Congonhinhas', 18),
(1209,'Conselheiro Mairinck', 18),
(1214,'Contenda', 18),
(1221,'Corbélia', 18),
(1233,'Cornélio Procópio', 18),
(1251,'Coronel Vivida', 18),
(1266,'Corumbataí do Sul', 18),
(1311,'Cruz Machado', 18),
(5068,'Cruzeiro D´Oeste', 18),
(1315,'Cruzeiro do Iguaçu', 18),
(1316,'Cruzeiro do Oeste', 18),
(1317,'Cruzeiro do Sul', 18),
(1339,'Curitiba', 18),
(1341,'Curiúva', 18),
(1374,'Diamante D''Oeste', 18),
(1375,'Diamante do Norte', 18),
(1376,'Diamante do Sul', 18),
(1406,'Dois Vizinhos', 18),
(1435,'Douradina', 18),
(1439,'Doutor Camargo', 18),
(1443,'Doutor Ulysses', 18),
(1477,'Enéas Marques', 18),
(1478,'Engenheiro Beltrão', 18),
(1487,'Entre Rios do Oeste', 18),
(1550,'Farol', 18),
(1557,'Faxinal', 18),
(1562,'Fazenda Rio Grande', 18),
(1574,'Fênix', 18),
(1584,'Figueira', 18),
(1592,'Flor da Serra do Sul', 18),
(1594,'Floraí', 18),
(1602,'Floresta', 18),
(1605,'Florestópolis', 18),
(1608,'Flórida', 18),
(1616,'Formosa do Oeste', 18),
(1632,'Foz do Iguaçu', 18),
(1636,'Francisco Alves', 18),
(1639,'Francisco Beltrão', 18),
(1681,'General Carneiro', 18),
(1700,'Godoy Moreira', 18),
(1713,'Goioerê', 18),
(1735,'Grandes Rios', 18),
(1758,'Guaíra', 18),
(1760,'Guairaçá', 18),
(1771,'Guapirama', 18),
(1774,'Guaporema', 18),
(1778,'Guaraci', 18),
(1795,'Guaraniaçu', 18),
(1799,'Guarapuava', 18),
(1800,'Guaraqueçaba', 18),
(1806,'Guaratuba', 18),
(1843,'Honório Serpa', 18),
(1859,'Ibaiti', 18),
(1865,'Ibema', 18),
(1882,'Ibiporã', 18),
(1910,'Icaraíma', 18),
(1935,'Iguaraçu', 18),
(1939,'Iguatu', 18),
(1958,'Imbituva', 18),
(1959,'Imbuial', 18),
(1963,'Inácio Martins', 18),
(1966,'Inajá', 18),
(1975,'Indianópolis', 18),
(2011,'Ipiranga', 18),
(2018,'Iporã', 18),
(2034,'Iracema do Oeste', 18),
(2049,'Irati', 18),
(2054,'Iretama', 18),
(2090,'Itaguajé', 18),
(2102,'Itaipulândia', 18),
(2121,'Itambaracá', 18),
(2124,'Itambé', 18),
(2145,'Itapejara d''Oeste', 18),
(2149,'Itaperuçu', 18),
(2208,'Itaúna do Sul', 18),
(2232,'Ivaí', 18),
(2233,'Ivaiporã', 18),
(2234,'Ivaté', 18),
(2235,'Ivatuba', 18),
(2245,'Jaboti', 18),
(2255,'Jacarezinho', 18),
(2269,'Jaguapitã', 18),
(2277,'Jaguariaíva', 18),
(5288,'Jamboara', 18),
(2293,'Jandaia do Sul', 18),
(2299,'Janiópolis', 18),
(2308,'Japira', 18),
(2312,'Japurá', 18),
(2321,'Jardim Alegre', 18),
(2326,'Jardim Olinda', 18),
(2333,'Jataizinho', 18),
(2334,'Jataizinho', 18),
(2354,'Jesuítas', 18),
(2377,'Joaquim Távora', 18),
(2409,'Jundiaí do Sul', 18),
(2416,'Juranda', 18),
(9006,'Jurema', 18),
(2427,'Jussara', 18),
(2432,'Kaloré', 18),
(2496,'Lapa', 18),
(2500,'Laranjal', 18),
(2504,'Laranjeiras do Sul', 18),
(2527,'Leópolis', 18),
(2531,'Lidianópolis', 18),
(2540,'Lindoeste', 18),
(2551,'Loanda', 18),
(2552,'Lobato', 18),
(2553,'Londrina', 18),
(9069,'Lovat', 18),
(2573,'Luiziana', 18),
(2576,'Lunardelli', 18),
(2578,'Lupionópolis', 18),
(2629,'Mallet', 18),
(2633,'Mamborê', 18),
(2640,'Mandaguaçu', 18),
(2641,'Mandaguari', 18),
(2642,'Mandirituba', 18),
(2646,'Mangueirinha', 18),
(2651,'Manoel Ribas', 18),
(5146,'Maralucia', 18),
(2690,'Marechal Cândido Rondon', 18),
(2697,'Maria Helena', 18),
(2698,'Marialva', 18),
(2708,'Marilândia do Sul', 18),
(2709,'Marilena', 18),
(2711,'Mariluz', 18),
(2712,'Maringá', 18),
(2714,'Mariópolis', 18),
(2715,'Maripá', 18),
(2718,'Marmeleiro', 18),
(2725,'Marumbi', 18),
(2739,'Matelândia', 18),
(2748,'Matinhos', 18),
(2752,'Mato Rico', 18),
(2762,'Mauá da Serra', 18),
(2772,'Medianeira', 18),
(2780,'Mercedes', 18),
(2812,'Mirador', 18),
(2826,'Miraselva', 18),
(2832,'Missal', 18),
(2901,'Moreira Sales', 18),
(2905,'Morretes', 18),
(2942,'Munhoz de Melo', 18),
(3000,'Nossa Senhora das Graças', 18),
(3006,'Nova Aliança do Ivaí', 18),
(3010,'Nova América da Colina', 18),
(3013,'Nova Aurora', 18),
(3025,'Nova Cantu', 18),
(3030,'Nova Esperança', 18),
(3032,'Nova Esperança do Sudoeste', 18),
(3035,'Nova Fátima', 18),
(3051,'Nova Laranjeiras', 18),
(3053,'Nova Londrina', 18),
(3062,'Nova Olímpia', 18),
(3074,'Nova Prata do Iguaçu', 18),
(3081,'Nova Santa Bárbara', 18),
(3083,'Nova Santa Rosa', 18),
(3086,'Nova Tebas', 18),
(3111,'Novo Itacolomi', 18),
(3157,'Ortigueira', 18),
(3168,'Ourizona', 18),
(3181,'Ouro Verde do Oeste', 18),
(3196,'Paiçandu', 18),
(3212,'Palmas', 18),
(3215,'Palmeira', 18),
(3229,'Palmital', 18),
(3234,'Palotina', 18),
(3258,'Paraíso do Norte', 18),
(3267,'Paranacity', 18),
(3268,'Paranaguá', 18),
(3273,'Paranapoema', 18),
(3277,'Paranavaí', 18),
(3320,'Pato Bragado', 18),
(3321,'Pato Branco', 18),
(3337,'Paula Freitas', 18),
(3346,'Paulo Frontin', 18),
(3353,'Peabiru', 18),
(3416,'Pérola', 18),
(3417,'Pérola d''Oeste', 18),
(3440,'Piên', 18),
(3460,'Pinhais', 18),
(3462,'Pinhal de São Bento', 18),
(3464,'Pinhalão', 18),
(3467,'Pinhão', 18),
(3487,'Piraí do Sul', 18),
(3504,'Piraquara', 18),
(3518,'Pitanga', 18),
(3519,'Pitangueiras', 18),
(3529,'Planaltina do Paraná', 18),
(3532,'Planalto', 18),
(3561,'Ponta Grossa', 18),
(3585,'Porecatu', 18),
(3597,'Porto Amazonas', 18),
(9001,'Porto Camargo', 18),
(3616,'Porto Rico', 18),
(3621,'Porto Vitória', 18),
(3644,'Pranchita', 18),
(3653,'Presidente Castelo Branco', 18),
(3680,'Primeiro de Maio', 18),
(3688,'Prudentópolis', 18),
(3695,'Quatinguá', 18),
(3697,'Quatro Barras', 18),
(3698,'Quatro Pontes', 18),
(3700,'Quedas do Iguaçu', 18),
(3709,'Querência do Norte', 18),
(3713,'Quinta do Sol', 18),
(3719,'Quitandinha', 18),
(3732,'Ramilândia', 18),
(3734,'Rancho Alegre', 18),
(3735,'Rancho Alegre D''Oeste', 18),
(3739,'Realeza', 18),
(3740,'Rebouças', 18),
(3754,'Renascença', 18),
(3759,'Reserva', 18),
(3791,'Ribeirão Claro', 18),
(3795,'Ribeirão do Pinhal', 18),
(3808,'Rio Azul', 18),
(3810,'Rio Bom', 18),
(3812,'Rio Bonito do Iguaçu', 18),
(3815,'Rio Branco do Sul', 18),
(3848,'Rio Negro', 18),
(3881,'Rolândia', 18),
(3886,'Roncador', 18),
(3889,'Rondon', 18),
(5281,'Rosalândia', 18),
(3896,'Rosário do Ivaí', 18),
(3911,'Sabáudia', 18),
(3929,'Salgado Filho', 18),
(3940,'Salto de Lontra', 18),
(3943,'Salto do Itararé', 18),
(3961,'Santa Amélia', 18),
(3974,'Santa Cecília do Pavão', 18),
(3986,'Santa Cruz de Monte Castelo', 18),
(5259,'Santa Elisa', 18),
(3996,'Santa Fé', 18),
(4004,'Santa Helena', 18),
(4009,'Santa Inês', 18),
(4013,'Santa Isabel do Ivaí', 18),
(4016,'Santa Izabel do Oeste', 18),
(4019,'Santa Lúcia', 18),
(4041,'Santa Maria do Oeste', 18),
(4047,'Santa Mariana', 18),
(4049,'Santa Mônica', 18),
(9017,'Santa Rita D''Oeste', 18),
(4080,'Santa Tereza do oeste', 18),
(5301,'Santa Terezinha', 18),
(4086,'Santa Terezinha de Itaipu', 18),
(4105,'Santana do Itararé', 18),
(9004,'Santo Antônio', 18),
(4132,'Santo Antônio da Platina', 18),
(4142,'Santo Antônio do Caiuá', 18),
(4152,'santo Antônio do Paraíso', 18),
(5152,'Santo Antônio do Peri', 18),
(4156,'Santo Antônio do Sudoeste', 18),
(9057,'Santo da Lontra', 18),
(4165,'Santo Inácio', 18),
(4195,'São Carlos do Ivaí', 18),
(9061,'São Clemente', 18),
(4255,'São Jerônimo da Serra', 18),
(4256,'São João', 18),
(4277,'São João do Caiuá', 18),
(4281,'São João do Ivaí', 18),
(4295,'São João do Triunfo', 18),
(4303,'São Jorge d''Oeste', 18),
(4304,'São Jorge do Ivaí', 18),
(4305,'São Jorge do Patrocínio', 18),
(4308,'São José da Boa Vista', 18),
(4318,'São José das Palmeiras', 18),
(9081,'São José do Itavó', 18),
(4356,'São José dos Pinhais', 18),
(5261,'São Lourenço', 18),
(4377,'São Manoel do Paraná', 18),
(4385,'São Mateus do Sul', 18),
(4397,'São Miguel do Iguaçu', 18),
(4415,'São Pedro do Iguaçu', 18),
(4416,'São Pedro do Ivaí', 18),
(4417,'São Pedro do Paraná', 18),
(4432,'São Sebastião da Amoreira', 18),
(5254,'São Silvestre', 18),
(4453,'São Tomé', 18),
(4470,'Sapopema', 18),
(9018,'Saporema', 18),
(4475,'Sarandi', 18),
(4483,'Saudade do Iguaçu', 18),
(4509,'Sengés', 18),
(4552,'Sertaneja', 18),
(4554,'Sertanópolis', 18),
(4584,'Siqueira Campos', 18),
(4616,'Sulina', 18),
(4648,'Tamboara', 18),
(4659,'Tapejara', 18),
(4666,'Tapira', 18),
(4698,'Teixeira Soares', 18),
(4703,'Telêmaco Borba', 18),
(4720,'Terra Boa', 18),
(4725,'Terra Rica', 18),
(4726,'Terra Roxa', 18),
(4733,'Tibagi', 18),
(4737,'Tijucas do Sul', 18),
(4754,'Toledo', 18),
(4757,'Tomazina', 18),
(4778,'Três Barras do Paraná', 18),
(4811,'Tunas do Paraná', 18),
(4812,'Tuneiras do Oeste', 18),
(4822,'Tupãssi', 18),
(4832,'Turvo', 18),
(4850,'Ubirata', 18),
(4863,'Umuarama', 18),
(4868,'União da Vitória', 18),
(4872,'Uniflor', 18),
(4874,'Uraí', 18),
(4941,'Ventania', 18),
(5143,'Vera Cruz', 18),
(4948,'Vera Cruz do Oeste', 18),
(4951,'Verê', 18),
(4975,'Vila Alta', 18),
(5144,'Vila Prado Ferreira', 18),
(4992,'Virmond', 18),
(5149,'Vitória Brasil', 18),
(5007,'Vitorino', 18),
(5017,'Wenceslau Braz', 18),
(5021,'Xambrê', 18),
(223,'Angra dos Reis', 19),
(255,'Aperibé', 19),
(324,'Araruama', 19),
(340,'Areal', 19),
(359,'Arraial do Cabo', 19),
(476,'Barra do Piraí', 19),
(484,'Barra Mansa', 19),
(529,'Belford Roxo', 19),
(597,'Bom Jardim', 19),
(611,'Bom Jesus do Itabapoana', 19),
(733,'Cabo Frio', 19),
(756,'Cachoeiras de Macacu', 19),
(827,'Cambuci', 19),
(880,'Campos dos Goytacazes', 19),
(926,'Cantagalo', 19),
(980,'Cardoso Moreira', 19),
(995,'Carmo', 19),
(1032,'Casimiro de Abreu', 19),
(1168,'Comendador Levy Gasparian', 19),
(1179,'Conceição de Macabu', 19),
(1222,'Cordeiro', 19),
(1447,'Duas Barras', 19),
(1452,'Duque de Caxias', 19),
(1482,'Engenheiro Paulo de Frontin', 19),
(9008,'Guanabara', 19),
(1770,'Guapimirim', 19),
(2074,'Itaboraí', 19),
(2089,'Itaguaí', 19),
(2113,'Italva', 19),
(2135,'Itaocara', 19),
(2150,'Itaperuna', 19),
(2193,'Itatiaia', 19),
(2306,'Japeri', 19),
(2478,'Laje do Muriaé', 19),
(2594,'Macé', 19),
(2615,'Magé', 19),
(2645,'Mangaratiba', 19),
(2705,'Maricá', 19),
(2777,'Mendes', 19),
(2791,'Miguel Pereira', 19),
(2809,'Miracema', 19),
(2963,'Natividade', 19),
(2985,'Nilópolis', 19),
(2991,'Niterói', 19),
(3038,'Nova Friburgo', 19),
(3045,'Nova Iguaçu', 19),
(3245,'Paracambi', 19),
(3252,'Paraíba do Sul', 19),
(3281,'Parati', 19),
(3329,'Paty do Alferes', 19),
(3426,'Petrópolis', 19),
(3485,'Piraí', 19),
(3584,'Porciúncula', 19),
(3696,'Quatis', 19),
(3704,'Queimados', 19),
(3718,'Quissamã', 19),
(3757,'Resende', 19),
(3811,'Rio Bonito', 19),
(3818,'Rio Claro', 19),
(3824,'Rio das Flores', 19),
(3825,'Rio das Ostras', 19),
(3828,'Rio de Janeiro', 19),
(4046,'Santa Maria Madalena', 19),
(4137,'Santo Antônio de Pádua', 19),
(4219,'São Fidélis', 19),
(4243,'São Gonçalo', 19),
(4263,'São João da Barra', 19),
(4273,'São João de Meriti', 19),
(4351,'São José do Vale do Rio Preto', 19),
(4410,'São Pedro da Aldeia', 19),
(4437,'São Sebastião do Alto', 19),
(4472,'Sapucaia', 19),
(4474,'Saquarema', 19),
(4567,'Silva Jardim', 19),
(4619,'Sumidouro', 19),
(4716,'Teresópolis', 19),
(4771,'Trajano de Morais', 19),
(4791,'Três Rios', 19),
(4904,'Valença', 19),
(4923,'Varre e Sai', 19),
(4937,'Vassouras', 19),
(5010,'Volta Redonda', 19),
(22,'Acari', 20),
(26,'Açu', 20),
(34,'Afonso Bezerra', 20),
(56,'Água Nova', 20),
(102,'Alexandria', 20),
(116,'Almino Afonso', 20),
(151,'Alto Rodrigues', 20),
(222,'Angicos', 20),
(245,'Antônio Martins', 20),
(260,'Apodi', 20),
(343,'Areia Branca', 20),
(349,'Arês', 20),
(392,'Augusto Severo', 20),
(418,'Baía Formosa', 20),
(450,'Baraúna', 20),
(456,'Barcelona', 20),
(545,'Bento Fernandes', 20),
(603,'Bom Jesus', 20),
(681,'Brejinho', 20),
(787,'Caiçara do Rio do Vento', 20),
(788,'Caicó', 20),
(874,'Campo Redondo', 20),
(915,'Canguaretama', 20),
(974,'Caraúbas', 20),
(1007,'Carnaúba dos Dantas', 20),
(1008,'Carnaubais', 20),
(1069,'Ceará-Mirim', 20),
(1089,'Cerro Corá', 20),
(1240,'Coronel Ezequiel', 20),
(1243,'Coronel João Pessoa', 20),
(1320,'Cruzeta', 20),
(1342,'Currais Novos', 20),
(1442,'Doutor Severiano', 20),
(1475,'Encanto', 20),
(1492,'Equador', 20),
(1512,'Espírito Santo', 20),
(1541,'Extremoz', 20),
(1569,'Felipe Guerra', 20),
(1595,'Florânia', 20),
(1640,'Francisco Dantas', 20),
(1657,'Frutuoso Gomes', 20),
(1663,'Galinhos', 20),
(1706,'Goianinha', 20),
(1723,'Governador DixSept Rosado', 20),
(1747,'Grossos', 20),
(1764,'Guamaré', 20),
(1916,'Ielmo Marinho', 20),
(1998,'Ipanguaçu', 20),
(2027,'Ipueira', 20),
(2201,'Itaú', 20),
(2249,'Jaçanã', 20),
(2295,'Jandaíra', 20),
(2297,'Janduís', 20),
(2301,'Januário Cicco', 20),
(2302,'Jão Dias', 20),
(2307,'Japi', 20),
(2322,'Jardim de Angicos', 20),
(2323,'Jardim de Piranhas', 20),
(2325,'Jardim do Seridó', 20),
(2365,'João Câmara', 20),
(2388,'José da Penha', 20),
(2401,'Jucurutu', 20),
(2448,'Lagoa d''Anta', 20),
(2453,'Lagoa de Pedras', 20),
(2454,'Lagoa de Velhos', 20),
(2466,'Lagoa Nova', 20),
(2468,'Lagoa Salgada', 20),
(2488,'Lajes', 20),
(2489,'Lajes Pintadas', 20),
(2566,'Lucrécia', 20),
(2570,'Luís Gomes', 20),
(2584,'Macaíba', 20),
(2591,'Macau', 20),
(2685,'Marcelino Vieira', 20),
(2723,'Martins', 20),
(2767,'Maxaranguape', 20),
(2787,'Messias Targino', 20),
(2861,'Montanhas', 20),
(2864,'Monte Alegre', 20),
(2879,'Monte das Gameleiras', 20),
(2923,'Mossoró', 20),
(2961,'Natal', 20),
(2990,'Nísia Floresta', 20),
(3027,'Nova Cruz', 20),
(3134,'Olho d''ãgua do Borges', 20),
(3172,'Ouro Branco', 20),
(3265,'Paraná', 20),
(3283,'Paraú', 20),
(3286,'Parazinho', 20),
(3290,'Parelhas', 20),
(3301,'Parnamirim', 20),
(3303,'Passa e Fica', 20),
(3309,'Passagem', 20),
(3328,'Patu', 20),
(3333,'Pau dos Ferros', 20),
(3365,'Pedra Grande', 20),
(3369,'Pedra Preta', 20),
(3384,'Pedro Avelino', 20),
(3392,'Pedro Velho', 20),
(3401,'Pendências', 20),
(3447,'Pilões', 20),
(3543,'Poço Branco', 20),
(3586,'Portalegre', 20),
(3663,'Presidente Juscelino', 20),
(3689,'Pureza', 20),
(3728,'Rafael Fernandes', 20),
(3729,'Rafael Godeiro', 20),
(3773,'Riacho da Cruz', 20),
(3776,'Riacho de Santana', 20),
(3779,'Riachuelo', 20),
(3879,'Rodolfo Fernandes', 20),
(3909,'Ruy Barbosa', 20),
(3979,'Santa Cruz', 20),
(4109,'Santana do Matos', 20),
(4115,'Santana do Seridó', 20),
(4128,'Santo Antônio', 20),
(4177,'São Bento do Norte', 20),
(4181,'São Bento do Trairi', 20),
(4218,'São Fernando', 20),
(4230,'São Francisco do Oeste', 20),
(4246,'São Gonçalo do Amarante', 20),
(4274,'São João de Mipibu', 20),
(4292,'São João do Sabugi', 20),
(4328,'São José do Campestre', 20),
(4350,'São José do Seridó', 20),
(4386,'São Miguel', 20),
(4407,'São Paulo do Potengi', 20),
(4409,'São Pedro', 20),
(4423,'São Rafael', 20),
(4454,'São Tomé', 20),
(4462,'São Vicente', 20),
(4499,'Senador Elói de Souza', 20),
(4501,'Senador Georgino Avelino', 20),
(4529,'Serra de São Bento', 20),
(4530,'Serra do Mel', 20),
(4538,'Serra Negra do Norte', 20),
(9079,'Serra Verde', 20),
(4548,'Serrinha', 20),
(4561,'Severiano Melo', 20),
(4591,'Sítio Novo', 20),
(4630,'Taboleiro Grande', 20),
(4645,'Taipu', 20),
(4651,'Tangará', 20),
(4705,'Tenente Ananias', 20),
(4734,'Tibau do Sul', 20),
(4739,'Timbaúba dos Batistas', 20),
(4766,'Touros', 20),
(4857,'Umarizal', 20),
(4873,'Upanema', 20),
(4925,'Várzea', 20),
(4946,'Vera Cruz', 20),
(4968,'Viçosa', 20),
(4978,'Vila Flor', 20),
(123,'Alta Floresta D''Oeste', 21),
(135,'Alto Alegre dos Parecis', 21),
(144,'Alto Paraíso', 21),
(166,'Alvorada D''Oeste', 21),
(353,'Ariquemes', 21),
(9083,'Buritis', 21),
(731,'Cabixi', 21),
(741,'Cacaulândia', 21),
(765,'Cacoal', 21),
(872,'Campo Novo de Rondônia', 21),
(902,'Candeias do Jamari', 21),
(1038,'Castanheiras', 21),
(1083,'Cerejeiras', 21),
(1164,'Colorado do Oeste', 21),
(1267,'Corumbiara', 21),
(1272,'Costa Marques', 21),
(1328,'Cujubim', 21),
(1510,'Espigão D''Oeste', 21),
(1725,'Governador Jorge Teixeira', 21),
(1763,'Guajará-Mirim', 21),
(2288,'Jamari', 21),
(2331,'Jaru', 21),
(2356,'Ji-Paraná', 21),
(2599,'Machadinho D''Oeste', 21),
(2805,'Ministro Andreazza', 21),
(2824,'Mirante da Serra', 21),
(2883,'Monte Negro', 21),
(3019,'Nova Brasilândia D''Oeste', 21),
(3055,'Nova Mamoré', 21),
(3090,'Nova União', 21),
(3109,'Novo Horizonte do Oeste', 21),
(3175,'Ouro Preto do Oeste', 21),
(3289,'Parecis', 21),
(3450,'Pimenta Bueno', 21),
(3619,'Porto Velho', 21),
(3668,'Presidente Médici', 21),
(3677,'Primavera de Rondônia', 21),
(3820,'Rio Crespo', 21),
(3883,'Rolim de Moura', 21),
(9076,'Rondolandia', 21),
(4026,'Santa Luzia D''Oeste', 21),
(4210,'São Felipe D''Oeste', 21),
(9091,'São Francisco do Guaporé', 21),
(4396,'São Miguel do Guaporé', 21),
(4519,'Seringueiras', 21),
(4700,'Teixeirópolis', 21),
(4731,'Theobroma', 21),
(4892,'Urupá', 21),
(4899,'Vale do Anari', 21),
(4900,'Vale do Paraíso', 21),
(9070,'Vila de Rondonia', 21),
(4985,'Vilhena', 21),
(132,'Alto Alegre', 22),
(576,'Boa Vista', 22),
(629,'Bonfim', 22),
(962,'Caracaraí', 22),
(2928,'Mucajaí', 22),
(2995,'Normandia', 22),
(4262,'São João da Baliza', 22),
(4373,'São Luiz', 22),
(58,'Água Santa', 23),
(71,'Agudo', 23),
(80,'Ajuricaba', 23),
(95,'Alecrim', 23),
(98,'Alegrete', 23),
(99,'Alegria', 23),
(120,'Alpestre', 23),
(133,'Alto Alegre', 23),
(138,'Alto Feliz', 23),
(164,'Alvorada', 23),
(174,'Amaral Ferrador', 23),
(186,'Ametista do Sul', 23),
(213,'André da Rocha', 23),
(234,'Anta Gorda', 23),
(247,'Antônio Prado', 23),
(301,'Arambaré', 23),
(328,'Aratiba', 23),
(361,'Arroio do Meio', 23),
(362,'Arroio do Sal', 23),
(363,'Arroio do Tigre', 23),
(364,'Arroio dos Ratos', 23),
(365,'Arroio Grande', 23),
(371,'Arvorezinha', 23),
(391,'Augusto Pestana', 23),
(393,'Áurea', 23),
(415,'Bagé', 23),
(442,'Barão', 23),
(445,'Barão de Cotegipe', 23),
(9026,'Barão de Cotegipe', 23),
(449,'Barão do Triunfo', 23),
(473,'Barra do Guarita', 23),
(477,'Barra do Ribeiro', 23),
(478,'Barra do Rio Azul', 23),
(482,'Barra Funda', 23),
(487,'Barracão', 23),
(504,'Barros Cassal', 23),
(546,'Bento Gonçalves', 23),
(578,'Boa Vista das Missões', 23),
(579,'Boa Vista do Buricá', 23),
(604,'Bom Jesus', 23),
(617,'Bom Princípio', 23),
(618,'Bom Progresso', 23),
(621,'Bom Retiro do Sul', 23),
(640,'Boqueirão do Leão', 23),
(651,'Bossoroca', 23),
(659,'Braga', 23),
(694,'Brochier', 23),
(722,'Butiá', 23),
(740,'Caçapava do Sul', 23),
(742,'Cacequi', 23),
(751,'Cachoeira do Sul', 23),
(758,'Cachoeirinha', 23),
(764,'Cacique Doble', 23),
(783,'Caibaté', 23),
(786,'Caiçara', 23),
(819,'Camaquã', 23),
(821,'Camargo', 23),
(823,'Cambará do Sul', 23),
(837,'Campestre da Serra', 23),
(840,'Campina das Missões', 23),
(849,'Campinas do Sul', 23),
(857,'Campo Bom', 23),
(871,'Campo Novo', 23),
(5138,'Campo Real', 23),
(878,'Campos Borges', 23),
(903,'Candelária', 23),
(906,'Cândido Godói', 23),
(911,'Candiota', 23),
(913,'Canela', 23),
(916,'Canguçu', 23),
(922,'Canoas', 23),
(934,'Capão da Canoa', 23),
(935,'Capão do leão', 23),
(939,'Capela de Santana', 23),
(950,'Capitão', 23),
(976,'Carazinho', 23),
(992,'Carlos Barbosa', 23),
(994,'Carlos Gomes', 23),
(1026,'Casca', 23),
(1031,'Caseiros', 23),
(1058,'Catuípe', 23),
(1068,'Caxias do Sul', 23),
(1077,'Centenário', 23),
(1088,'Cerro Branco', 23),
(1090,'Cerro Grande', 23),
(1091,'Cerro Grande do Sul', 23),
(1092,'Cerro Largo', 23),
(1102,'Chapada', 23),
(1110,'Charqueadas', 23),
(1111,'Charrua', 23),
(1116,'Chiapeta', 23),
(1125,'Cidreira', 23),
(1128,'Ciríaco', 23),
(1153,'Colinas', 23),
(1163,'Colorado', 23),
(1200,'Condor', 23),
(1212,'Constantina', 23),
(1218,'Coqueiros do Sul', 23),
(1238,'Coronel Barros', 23),
(1239,'Coronel Bicaco', 23),
(1276,'Cotiporã', 23),
(1280,'Coxilha', 23),
(1289,'Crissiumal', 23),
(1292,'Cristal', 23),
(1308,'Cruz Alta', 23),
(1319,'Cruzeiro do Sul', 23),
(1355,'David Canabarro', 23),
(1364,'Derrubadas', 23),
(1371,'Dezesseis de Novembro', 23),
(1401,'Dois Irmãos', 23),
(1402,'Dois Irmãos das Missões', 23),
(1405,'Dois Lajeados', 23),
(1413,'Dom Feliciano', 23),
(1417,'Dom Pedrito', 23),
(1425,'Dona Francisca', 23),
(1440,'Doutor Maurício Cardoso', 23),
(1461,'Eldorado do Sul', 23),
(1474,'Encantado', 23),
(1476,'Encruzilhada do Sul', 23),
(1483,'Engenho Velho', 23),
(1488,'Entre Rios do Sul', 23),
(1489,'Entre_Ijuís', 23),
(1493,'Erebango', 23),
(1494,'Erechim', 23),
(1497,'Ernestina', 23),
(1498,'Erval Grande', 23),
(1499,'Erval Seco', 23),
(1503,'Esmeralda', 23),
(1517,'Espumoso', 23),
(1518,'Estação', 23),
(1520,'Estância Velha', 23),
(1521,'Esteio', 23),
(1525,'Estrela', 23),
(1535,'Eugênio de Castro', 23),
(1544,'Fagundes Varela', 23),
(1551,'Farroupilha', 23),
(1558,'Faxinal do Soturno', 23),
(1560,'Faxinalzinho', 23),
(1572,'Feliz', 23),
(1598,'Flores da Cunha', 23),
(1612,'Fontoura Xavier', 23),
(1614,'Formigueiro', 23),
(1628,'Fortaleza dos Valos', 23),
(1647,'Frederico Westphalen', 23),
(1670,'Garibaldi', 23),
(1673,'Garruchos', 23),
(9003,'Gaurama', 23),
(1680,'General Câmara', 23),
(1686,'Gentil', 23),
(1689,'Getúlio Vargas', 23),
(1692,'Giruá', 23),
(1698,'Glorinha', 23),
(1731,'Gramado', 23),
(1732,'Gramado dos Loureiros', 23),
(1733,'Gramado Xavier', 23),
(1743,'Gravataí', 23),
(1749,'Guabiju', 23),
(1755,'Guaíba', 23),
(1773,'Guaporé', 23),
(1786,'Guarama', 23),
(1793,'Guarani das Missões', 23),
(1831,'Harmonia', 23),
(1836,'Herval', 23),
(1845,'Horizontina', 23),
(1848,'Hulha Negra', 23),
(1850,'Humaitá', 23),
(1860,'Ibarama', 23),
(1868,'Ibiaçá', 23),
(1887,'Ibiraiaras', 23),
(1893,'Ibirapuita', 23),
(1897,'Ibirubá', 23),
(1931,'Igrejinha', 23),
(1942,'Ijuí', 23),
(1951,'Ilópolis', 23),
(1955,'Imbé', 23),
(1961,'Imigrante', 23),
(1972,'Independência', 23),
(1983,'Inhacorá', 23),
(2003,'Ipê', 23),
(2013,'Ipiranga do Sul', 23),
(2038,'Iraí', 23),
(2082,'Itacurubi', 23),
(2178,'Itapuca', 23),
(2184,'Itaqui', 23),
(2196,'Itatiba do Sul', 23),
(2238,'Ivorá', 23),
(2239,'Ivoti', 23),
(2246,'Jaboticaba', 23),
(2268,'Jacutinga', 23),
(2272,'Jaguarão', 23),
(2276,'Jaguari', 23),
(2313,'Jaquirana', 23),
(2380,'Jóia', 23),
(2404,'Júlio de Castilhos', 23),
(2462,'Lagoa dos Três Cantos', 23),
(2471,'Lagoa Vermelha', 23),
(2472,'Lagoão', 23),
(2480,'Lajeado', 23),
(2481,'Lajeado do Bugre', 23),
(2515,'Lavras do Sul', 23),
(2528,'Liberato Salzano', 23),
(2544,'Lindolfo Collor', 23),
(2545,'Linha Nova', 23),
(2598,'Machadinho', 23),
(2653,'Manoel Viana', 23),
(2658,'Maquiné', 23),
(2677,'Maratá', 23),
(2678,'Marau', 23),
(2684,'Marcelino Ramos', 23),
(2700,'Mariana Pimentel', 23),
(2701,'Mariano Moro', 23),
(2731,'Mata', 23),
(2750,'Mato Castelhano', 23),
(2751,'Mato Leitão', 23),
(2768,'Maximiliano de Almeida', 23),
(2800,'Minas do Leão', 23),
(2814,'Miraguaí', 23),
(2862,'Montauri', 23),
(2875,'Monte Belo do Sul', 23),
(2890,'Montenegro', 23),
(2903,'Mormaço', 23),
(2908,'Morrinhos do Sul', 23),
(2916,'Morro Redondo', 23),
(2917,'Morro Reuter', 23),
(2924,'Mostardas', 23),
(2931,'Muçum', 23),
(2934,'Mulitemo', 23),
(2959,'Não-Me-Toque', 23),
(2983,'Nicolau Vergueiro', 23),
(2993,'Nonoai', 23),
(3007,'Nova Alvorada', 23),
(3012,'Nova Araçá', 23),
(3016,'Nova Bassano', 23),
(3017,'Nova Boa Vista', 23),
(3020,'Nova Bréscia', 23),
(3033,'Nova Esperança do Sul', 23),
(3043,'Nova Hartz', 23),
(3068,'Nova Pádua', 23),
(3069,'Nova Palma', 23),
(3071,'Nova Petrópolis', 23),
(3073,'Nova Prata', 23),
(3078,'Nova Roma do Sul', 23),
(3082,'Nova Santa Rita', 23),
(3101,'Novo Barreiro', 23),
(3104,'Novo Hamburgo', 23),
(3114,'Novo Machado', 23),
(3121,'Novo Tirdentes', 23),
(3160,'Osório', 23),
(3197,'Paim Filho', 23),
(3210,'Palmares do Sul', 23),
(3217,'Palmeira das Missões', 23),
(3231,'Palmitinho', 23),
(3236,'Panambi', 23),
(3240,'Pantano Grande', 23),
(3251,'Paraí', 23),
(3259,'Paraíso do Sul', 23)
GO

INSERT INTO [dbo].[Cidade]([Id], [Nome], [EstadoId]) VALUES
(3288,'Pareci Novo', 23),
(3302,'Parobé', 23),
(3315,'Passo do Sobrado', 23),
(3316,'Passo Fundo', 23),
(3351,'Paverama', 23),
(3390,'Pedro Osório', 23),
(3396,'Pejuçara', 23),
(3397,'Pelotas', 23),
(3432,'Picada Café', 23),
(3461,'Pinhal', 23),
(3463,'Pinhal Grande', 23),
(3469,'Pinheirinho do Vale', 23),
(3471,'Pinheiro Machado', 23),
(3500,'Pirapó', 23),
(3507,'Piratini', 23),
(3534,'Planalto', 23),
(3544,'Poço das Antas', 23),
(3567,'Pontão', 23),
(3575,'Ponte Preta', 23),
(3587,'Portão', 23),
(3594,'Porto Alegre', 23),
(3611,'Porto Lucena', 23),
(3612,'Porto Mauá', 23),
(3620,'Porto Vera Cruz', 23),
(3623,'Porto Xavier', 23),
(3633,'Pouso Novo', 23),
(3667,'Presidente Lucena', 23),
(3683,'Progresso', 23),
(3686,'Protásio Alves', 23),
(3690,'Putinga', 23),
(3692,'Quaraí', 23),
(3710,'Quevedos', 23),
(3715,'Quinze de Novembro', 23),
(3747,'Redentora', 23),
(3764,'Restinga Seca', 23),
(3766,'Revaldo', 23),
(9065,'Rincão Vermelho', 23),
(3837,'Rio dos Índios', 23),
(3841,'Rio Grande', 23),
(3853,'Rio Pardo', 23),
(3868,'Riozinho', 23),
(3872,'Roca Sales', 23),
(3876,'Rodeio Bonito', 23),
(3882,'Rolante', 23),
(3887,'Ronda Alta', 23),
(3888,'Rondinha', 23),
(3892,'Roque Gonzales', 23),
(3897,'Rosário do Sul', 23),
(3912,'Saberi', 23),
(3917,'Sagrada Família', 23),
(3921,'Saldanha Marinho', 23),
(3944,'Salto do Jacuí', 23),
(3948,'Salvador das Missões', 23),
(3949,'Salvador do Sul', 23),
(3953,'Sananduva', 23),
(3968,'Santa Bárbara do Sul', 23),
(3976,'Santa Clara do Sul', 23),
(3992,'Santa Cruz do Sul', 23),
(4032,'Santa Maria', 23),
(4040,'Santa Maria do Herval', 23),
(4065,'Santa Rosa', 23),
(4078,'Santa Tereza', 23),
(4088,'Santa Vitória do Palmar', 23),
(4092,'Santana da Boa Vista', 23),
(4107,'Santana do Livramento', 23),
(4120,'Santiago', 23),
(4127,'Santo Ângelo', 23),
(4131,'Santo Antônio da Patrulha', 23),
(4133,'Santo Antônio das Missões', 23),
(4151,'Santo Antônio do Palma', 23),
(4154,'Santo Antônio do Planalto', 23),
(4159,'Santo Augusto', 23),
(4160,'Santo Cristo', 23),
(4163,'Santo Expedito do Sul', 23),
(4186,'São Borja', 23),
(4208,'São Domingos do Sul', 23),
(4223,'São Francisco de Assis', 23),
(4225,'São Francisco de Paula', 23),
(4236,'São Gabriel', 23),
(4254,'São Jerônimo', 23),
(4270,'São João da Urtiga', 23),
(4290,'São João do Polêsine', 23),
(4302,'São Jorge', 23),
(4317,'São José das Missões', 23),
(4335,'São José do Herval', 23),
(4336,'São José do Hortêncio', 23),
(4337,'São José do Inhacorá', 23),
(4341,'São José do Norte', 23),
(4342,'São José do Ouro', 23),
(4353,'São José dos Ausente', 23),
(4359,'São Leopoldo', 23),
(4365,'São Lourenço do Sul', 23),
(4375,'São Luiz Gonzaga', 23),
(4379,'São Marcos', 23),
(4380,'São Martinho', 23),
(4382,'São Martinho da Serra', 23),
(4391,'São Miguel das Missões', 23),
(4403,'São Nicolau', 23),
(4405,'São Paulo das Missões', 23),
(4412,'São Pedro da Serra', 23),
(4414,'São Pedro do Butiá', 23),
(4420,'São Pedro do Sul', 23),
(4438,'São Sebastião do Caí', 23),
(4448,'São Sepé', 23),
(4456,'São Valentim', 23),
(4457,'São Valentim do Sul', 23),
(4459,'São Valério do Sul', 23),
(4460,'São Vendelino', 23),
(4464,'São Vicente do Sul', 23),
(4469,'Sapiranga', 23),
(4473,'Sapucaia do Sul', 23),
(4476,'Sarandi', 23),
(9037,'Seberi', 23),
(4491,'Sede Nova', 23),
(4492,'Segredo', 23),
(4493,'Selbach', 23),
(4514,'Sentinela do Sul', 23),
(4516,'Serafina Corrêa', 23),
(4520,'Sério', 23),
(9039,'Serro Azul', 23),
(4555,'Sertão', 23),
(4556,'Sertão Santana', 23),
(4562,'Severinano de Almeida', 23),
(5256,'Siberi', 23),
(4570,'Silveira Martins', 23),
(4582,'Sinimbu', 23),
(4594,'Sobradinho', 23),
(4601,'Soledade', 23),
(4660,'Tapejara', 23),
(4661,'Tapera', 23),
(4664,'Tapes', 23),
(4672,'Taquara', 23),
(4676,'Taquari', 23),
(4681,'Taquaruçu do Sul', 23),
(4694,'Tavares', 23),
(4706,'Tenente Portela', 23),
(4721,'Terra de Areia', 23),
(4730,'Teutônia', 23),
(4748,'Tiradentes do Sul', 23),
(4764,'Torres', 23),
(4772,'Tramandaí', 23),
(4773,'Travesseiro', 23),
(4776,'Três Arroios', 23),
(4779,'Três Cachoeiras', 23),
(4781,'Três Coroas', 23),
(4782,'Três de Maio', 23),
(4783,'Três Forquilhas', 23),
(4787,'Três Palmeiras', 23),
(4788,'Três Passos', 23),
(4796,'Trindade do Sul', 23),
(4799,'Triunfo', 23),
(4805,'Tucunduva', 23),
(4810,'Tunas', 23),
(4817,'Tupanci do Sul', 23),
(4818,'Tupancireta', 23),
(4819,'Tupandi', 23),
(4820,'Tuparendi', 23),
(5299,'Ubiritama', 23),
(4867,'União da Serra', 23),
(4890,'Uruguaiana', 23),
(4898,'Vacaria', 23),
(4901,'Vale do Sol', 23),
(4902,'Vale Real', 23),
(4910,'Vanini', 23),
(4939,'Venâncio Aires', 23),
(4945,'Vera Cruz', 23),
(4949,'Veranópolis', 23),
(4957,'Viadutos', 23),
(4958,'Viamão', 23),
(4963,'Vicente Dutra', 23),
(4970,'Victor Graeff', 23),
(9014,'Vila Alecrim', 23),
(4979,'Vila Flores', 23),
(4980,'Vila Maria', 23),
(4981,'Vila Nova do Sul', 23),
(4995,'Vista Alegre', 23),
(4997,'Vista Alegre do Prata', 23),
(4998,'Vista Gaúcha', 23),
(5003,'Vitória das Missões', 23),
(5022,'Xangri-lá', 23),
(9,'Abdon Batista', 24),
(11,'Abelardo Luz', 24),
(41,'Agrolândia', 24),
(42,'Agronômica', 24),
(51,'Água Doce', 24),
(63,'Águas de Chapecó', 24),
(68,'Águas Frias', 24),
(69,'Águas Mornas', 24),
(108,'Alfredo Wagner', 24),
(207,'Anchieta', 24),
(218,'Angelina', 24),
(231,'Anita Garibaldi', 24),
(232,'Anitápolis', 24),
(241,'Antônio Carlos', 24),
(259,'Apiúna', 24),
(270,'Arabuta', 24),
(315,'Araquari', 24),
(317,'Araranguá', 24),
(355,'Armazém', 24),
(366,'Arroio Trinta', 24),
(370,'Arvoredo', 24),
(372,'Ascurra', 24),
(384,'Atalanta', 24),
(398,'Aurora', 24),
(428,'Balneário Barra do Sul', 24),
(429,'Balneário Camburiú', 24),
(485,'Barra Velha', 24),
(532,'Belmonte', 24),
(541,'Benedito Novo', 24),
(560,'Biguaçu', 24),
(567,'Blumenau', 24),
(598,'Bom Jardim da Serra', 24),
(620,'Bom Retiro', 24),
(627,'Bombinhas', 24),
(656,'Botuverá', 24),
(657,'Braço do Norte', 24),
(658,'Braço do Trombudo', 24),
(700,'Brusque', 24),
(738,'Caçador', 24),
(784,'Caibi', 24),
(810,'Calmon', 24),
(826,'Camboriú', 24),
(852,'Campo Alegre', 24),
(856,'Campo Belo do Sul', 24),
(862,'Campo Erê', 24),
(883,'Campos Novos', 24),
(914,'Canelinha', 24),
(923,'Canoinhas', 24),
(948,'Capinzal', 24),
(958,'Capivari de Baixo', 24),
(1049,'Catanduvas', 24),
(1066,'Caxambu do Sul', 24),
(1076,'Celso Ramos', 24),
(1093,'Cerro Negro', 24),
(1108,'Chapecó', 24),
(1138,'Cocal do Sul', 24),
(1193,'Concórdia', 24),
(1225,'Cordilheira Alta', 24),
(1242,'Coronel Freitas', 24),
(1247,'Coronel Martins', 24),
(1257,'Correia Pinto', 24),
(1268,'Corupá', 24),
(1287,'Criciúma', 24),
(1334,'Cunha Porã', 24),
(1340,'Curitibanos', 24),
(1366,'Descanso', 24),
(1382,'Dionísio Cerqueira', 24),
(1423,'Dona Emma', 24),
(1441,'Doutor Pedrino', 24),
(1500,'Erval Velho', 24),
(5289,'Espinilho', 24),
(1559,'Faxinal dos Guedes', 24),
(1607,'Florianópolis', 24),
(1618,'Formosa do Sul', 24),
(1623,'Forquilha', 24),
(1633,'Fraiburgo', 24),
(1664,'Galvão', 24),
(1671,'Garopaba', 24),
(1674,'Garuva', 24),
(1675,'Garuva', 24),
(1676,'Gaspar', 24),
(1677,'Gaspar', 24),
(1721,'Governador Celso Ramos', 24),
(1722,'Governador Celso Ramos', 24),
(1740,'Grão Pará', 24),
(1741,'Grão Pará', 24),
(1744,'Gravataí', 24),
(1745,'Gravatal', 24),
(1750,'Guabiruba', 24),
(1751,'Guabiruba', 24),
(1781,'Guaraciaba', 24),
(1782,'Guaraciaba', 24),
(1788,'Guaramirim', 24),
(1789,'Guaramirim', 24),
(1812,'Guarujá do Sul', 24),
(1813,'Guarujá do Sul', 24),
(1815,'Guatambú', 24),
(1816,'Guatambú', 24),
(1837,'Herval d''Oeste', 24),
(1838,'Herval d''Oeste', 24),
(1874,'Ibicaré', 24),
(1875,'Ibicaré', 24),
(1889,'Ibirama', 24),
(1890,'Ibirama', 24),
(1907,'Içara', 24),
(1908,'Içara', 24),
(1948,'Ilhota', 24),
(1949,'Ilhota', 24),
(1953,'Imaruí', 24),
(1954,'Imaruí', 24),
(1956,'Imbituba', 24),
(1957,'Imbituba', 24),
(1960,'Imbuia', 24),
(1968,'Indaial', 24),
(1969,'Indaial', 24),
(5150,'Iomere', 24),
(2008,'Ipira', 24),
(2009,'Ipira', 24),
(2019,'Iporã do Oeste', 24),
(2020,'Iporã do Oeste', 24),
(2024,'Ipuaçu', 24),
(2025,'Ipuaçu', 24),
(2030,'Ipumirim', 24),
(2031,'Ipumirim', 24),
(2036,'Iraceminha', 24),
(2037,'Iraceminha', 24),
(2043,'Irani', 24),
(2044,'Irani', 24),
(2050,'Irati', 24),
(2051,'Irati', 24),
(2055,'Irineópolis', 24),
(2056,'Irineópolis', 24),
(2061,'Itá', 24),
(2062,'Itá', 24),
(2099,'Itaiópolis', 24),
(2100,'Itaiópolis', 24),
(2106,'Itajaí', 24),
(2107,'Itajaí', 24),
(2146,'Itapema', 24),
(2147,'Itapema', 24),
(2161,'Itapiranga', 24),
(2162,'Itapiranga', 24),
(2169,'Itapoá', 24),
(2170,'Itapoá', 24),
(2226,'Ituporanga', 24),
(2227,'Ituporanga', 24),
(2241,'Jaborá', 24),
(2242,'Jaborá', 24),
(2259,'Jacinto Machado', 24),
(2260,'Jacinto Machado', 24),
(2283,'Jaguaruna', 24),
(2284,'Jaguaruna', 24),
(2315,'Jaraguá do Sul', 24),
(2316,'Jaraguá do Sul', 24),
(2328,'Jardinópolis', 24),
(2329,'Jardinópolis', 24),
(2360,'Joaçaba', 24),
(2379,'Joçaba', 24),
(2381,'Joinville', 24),
(2382,'Joinville', 24),
(2385,'José Boiteux', 24),
(2386,'José Boiteux', 24),
(2434,'Lacerdópolis', 24),
(2435,'Lacerdópolis', 24),
(2441,'Lages', 24),
(2442,'Lages', 24),
(2474,'Laguna', 24),
(2475,'Laguna', 24),
(2482,'Lajeado Grande', 24),
(2483,'Lajeado Grande', 24),
(2507,'Laurentino', 24),
(2508,'Laurentino', 24),
(2510,'Lauro Muller', 24),
(2511,'Lauro Muller', 24),
(2518,'Lebon Régis', 24),
(2522,'Leoberto Leal', 24),
(2523,'Leoberto Leal', 24),
(2524,'Leon Régis', 24),
(2542,'Lindóia do Sul', 24),
(2543,'Lindóia do Sul', 24),
(5267,'Linha Satélite Paiol', 24),
(2555,'Lontras', 24),
(2556,'Lontras', 24),
(2571,'Luiz Alves', 24),
(2572,'Luiz Alves', 24),
(2602,'Macieira', 24),
(2603,'Macieira', 24),
(2611,'Mafra', 24),
(2621,'Major Gercino', 24),
(2623,'Major Vieira', 24),
(2666,'Maracajá', 24),
(2681,'Maravilha', 24),
(2694,'Marema', 24),
(2730,'Massaranduba', 24),
(2755,'Matos Costa', 24),
(2775,'Meleiro', 24),
(2830,'Mirim Doce', 24),
(2836,'Modelo', 24),
(2850,'Mondaí', 24),
(2876,'Monte Carlo', 24),
(2878,'Monte Castelo', 24),
(2911,'Morro da Fumaça', 24),
(2915,'Morro Grande', 24),
(2967,'Navegantes', 24),
(3029,'Nova Erechim', 24),
(3049,'Nova Itaberaba', 24),
(3088,'Nova Trento', 24),
(3093,'Nova Veneza', 24),
(3106,'Novo Horizonte', 24),
(3153,'Orleans', 24),
(3162,'Otacílio Costa', 24),
(3169,'Ouro', 24),
(3177,'Ouro Verde', 24),
(3206,'Palhoça', 24),
(3208,'Palma Sola', 24),
(3232,'Palmitos', 24),
(3243,'Papanduva', 24),
(3256,'Paraíso', 24),
(3314,'Passo de Torres', 24),
(3318,'Passos Maia', 24),
(3348,'Paulo Lopes', 24),
(3375,'Pedras Grandes', 24),
(3403,'Penha', 24),
(3415,'Peritiba', 24),
(3423,'Petrolândia', 24),
(3433,'Piçarras', 24),
(3465,'Pinhalzinho', 24),
(3472,'Pinheiro Preto', 24),
(3509,'Piratuba', 24),
(3535,'Planalto Alegre', 24),
(3557,'Pomerode', 24),
(3569,'Ponte Alta', 24),
(3571,'Ponte Alta do Norte', 24),
(3576,'Ponte Serrada', 24),
(3598,'Porto Belo', 24),
(3618,'Porto União', 24),
(3634,'Pouso Redondo', 24),
(3640,'Praia Grande', 24),
(3654,'Presidente Castelo Branco', 24),
(3659,'Presidente Getúlio', 24),
(3669,'Presidente Nereu', 24),
(3712,'Quilombo', 24),
(3736,'Rancho Queimado', 24),
(3821,'Rio d''Oeste', 24),
(3823,'Rio das Antas', 24),
(3830,'Rio do Campo', 24),
(3833,'Rio do Sul', 24),
(3836,'Rio dos Cedros', 24),
(3840,'Rio Fortuna', 24),
(3847,'Rio Negrinho', 24),
(3861,'Rio Rufino', 24),
(3869,'Riqueza', 24),
(3875,'Rodeio', 24),
(3885,'Romelândia', 24),
(3925,'Salete', 24),
(3946,'Salto Veloso', 24),
(3957,'Sangão', 24),
(3973,'Santa Cecília', 24),
(4006,'Santa Helena', 24),
(4069,'Santa Rosa de Lima', 24),
(4073,'Santa Rosa do Sul', 24),
(4084,'Santa Terezinha', 24),
(4123,'Santo Amaro da Imperatriz', 24),
(4179,'São Bento do Sul', 24),
(4185,'São Bonifácio', 24),
(4194,'São Carlos', 24),
(4197,'São Cristóvão do Sul', 24),
(4201,'São Domingos', 24),
(4233,'São Francisco do Sul', 24),
(4259,'São João Batista', 24),
(4280,'São João do Itaperiú', 24),
(4285,'São João do Oeste', 24),
(4293,'São João do Sul', 24),
(4299,'São Joaquim', 24),
(4306,'São José', 24),
(4329,'São José do Cedro', 24),
(4330,'São José do Cerrito', 24),
(4361,'São Lourenço d''Oeste', 24),
(4366,'São Ludgero', 24),
(4381,'São Martinho', 24),
(4388,'São Miguel d''Oeste', 24),
(4389,'São Miguel da Boa Vista', 24),
(4484,'Saudades', 24),
(4486,'Schroeder', 24),
(4488,'Seara', 24),
(4523,'Serra Alta', 24),
(4564,'Siderópolis', 24),
(4605,'Sombrio', 24),
(4615,'Sul Brasil', 24),
(4642,'Taió', 24),
(4652,'Tangará', 24),
(4736,'Tijucas', 24),
(4740,'Timbé do Sul', 24),
(4742,'Timbó', 24),
(4743,'Timbó Grande', 24),
(4777,'Três Barras', 24),
(4792,'Treze de Maio', 24),
(4793,'Treze Tílias', 24),
(4801,'Trombudo Central', 24),
(4802,'Tubarão', 24),
(4809,'Tunápolis', 24),
(4833,'Turvo', 24),
(4869,'União do Oeste', 24),
(4882,'Urubici', 24),
(4893,'Urupema', 24),
(4895,'Urussanga', 24),
(4911,'Vargeão', 24),
(4913,'Vargem', 24),
(4916,'Vargem Bonita', 24),
(4971,'Vidal Ramos', 24),
(4972,'Videira', 24),
(5000,'Vitor Meireles', 24),
(9022,'Vitória Brasil', 24),
(5019,'Witmarsum', 24),
(5023,'Xanxerê', 24),
(5025,'Xavantina', 24),
(5026,'Xaxim', 24),
(190,'Amparo de São Francisco', 25),
(267,'Aquidabã', 25),
(273,'Aracaju', 25),
(331,'Arauá', 25),
(344,'Areia Branca', 25),
(481,'Barra dos Coqueiros', 25),
(641,'Boquim', 25),
(686,'Brejo Grande', 25),
(859,'Campo do Brito', 25),
(917,'Canhoba', 25),
(920,'Canindé de São Francisco', 25),
(938,'Capela', 25),
(987,'Carira', 25),
(1004,'Carmópolis', 25),
(1074,'Cedro de São João', 25),
(1300,'Cristinápolis', 25),
(1332,'Cumbe', 25),
(1386,'Divina Pastora', 25),
(1519,'Estância', 25),
(1567,'Feira Nova', 25),
(1652,'Frei Paulo', 25),
(1668,'Gararu', 25),
(1683,'General Maynard', 25),
(5258,'Golfinhos', 25),
(1734,'Grancho Cardoso', 25),
(1944,'Ilha das Flores', 25),
(1978,'Indiaroba', 25),
(2064,'Itabaiana', 25),
(2065,'Itabaianinha', 25),
(2070,'Itabi', 25),
(2176,'Itaporanga d''Ajuda', 25),
(2305,'Japaratuba', 25),
(2309,'Japoatã', 25),
(2440,'Lagarto', 25),
(2503,'Laranjeiras', 25),
(2586,'Macambira', 25),
(2627,'Malhada dos Bois', 25),
(2628,'Malhador', 25),
(2724,'Maruim', 25),
(2841,'Moita Bonita', 25),
(2867,'Monte Alegre de Sergipe', 25),
(2948,'Muribeca', 25),
(2977,'Neópolis', 25),
(2997,'Nossa Senhora Aparecida', 25),
(2998,'Nossa Senhora da Glória', 25),
(2999,'Nossa Senhora das Dores', 25),
(3001,'Nossa Senhora de Lourdes', 25),
(3003,'Nossa Senhora do Socorro', 25),
(3188,'Pacatuba', 25),
(3367,'Pedra Mole', 25),
(3379,'Pedrinhas', 25),
(3468,'Pinhão', 25),
(3491,'Pirambu', 25),
(3547,'Poço Redondo', 25),
(3548,'Poço Verde', 25),
(3600,'Porto da Folha', 25),
(3685,'Propriá', 25),
(3769,'Riachão do Dantas', 25),
(3780,'Riachuelo', 25),
(3803,'Ribeirópolis', 25),
(3895,'Rosário do Catete', 25),
(3928,'Salgado', 25),
(4027,'Santa Luzia do Itanhy', 25),
(4068,'Santa Rosa de Lima', 25),
(4114,'Santana do São Francisco', 25),
(4124,'Santo Amaro das Brotas', 25),
(4196,'São Cristóvão', 25),
(4202,'São Domingos', 25),
(4221,'São Francisco', 25),
(4393,'São Miguel do Aleixo', 25),
(4575,'Simão Dias', 25),
(4586,'Siriri', 25),
(4704,'Telha', 25),
(4750,'Tobias Barreto', 25),
(4756,'Tomar do Geru', 25),
(4858,'Umbaúba', 25),
(28,'Adamantina', 26),
(30,'Adolfo', 26),
(5291,'Agissê', 26),
(59,'Aguaí', 26),
(62,'Águas da Prata', 26),
(64,'Águas de Lindóia', 26),
(65,'Águas de Santa Bárbara', 26),
(66,'Águas de São Pedro', 26),
(72,'Agudos', 26),
(88,'Alambari', 26),
(106,'Alfredo Marcondes', 26),
(124,'Altair', 26),
(131,'Altinópolis', 26),
(134,'Alto Alegre', 26),
(156,'Alumínio', 26),
(159,'Álvares Florence', 26),
(160,'Álvares Machado', 26),
(161,'Álvaro de Carvalho', 26),
(162,'Alvinlândia', 26),
(5270,'Ameliópolis', 26),
(182,'Americana', 26),
(184,'Américo Brasiliense', 26),
(185,'Américo de Campos', 26),
(189,'Amparo', 26),
(198,'Analândia', 26),
(212,'Andradina', 26),
(215,'Angatuba', 26),
(227,'Anhembi', 26),
(228,'Anhumas', 26),
(249,'Aparecida', 26),
(250,'Aparecida d''Oeste', 26),
(258,'Apiaí', 26),
(274,'Araçariguama', 26),
(278,'Araçatuba', 26),
(282,'Araçoiaba da Serra', 26),
(303,'Aramina', 26),
(304,'Arandu', 26),
(306,'Arapeí', 26),
(318,'Araraquara', 26),
(319,'Araras', 26),
(5284,'Arco Irirs', 26),
(339,'Areais', 26),
(341,'Arealva', 26),
(346,'Areiópolis', 26),
(354,'Ariranha', 26),
(367,'Artur Nogueira', 26),
(369,'Arujá', 26),
(373,'Aspásia', 26),
(376,'Assis', 26),
(386,'Atibaia', 26),
(395,'Auriflama', 26),
(402,'Avaí', 26),
(403,'Avanhandava', 26),
(404,'Avaré', 26),
(5293,'Avencas', 26),
(413,'Bady Bassitt', 26),
(425,'Balbinos', 26),
(431,'Bálsamo', 26),
(435,'Bananal', 26),
(443,'Barão de Antonina', 26),
(453,'Barbosa', 26),
(458,'Bariri', 26),
(460,'Barra Bonita', 26),
(469,'Barra do Chapéu', 26),
(480,'Barra do Turvo', 26),
(495,'Barretos', 26),
(496,'Barrinha', 26),
(506,'Barueri', 26),
(507,'Bastos', 26),
(512,'Batatais', 26),
(514,'Bauru', 26),
(516,'Bebedouro', 26),
(544,'Bento de Abreu', 26),
(9020,'Bento de Abrevense', 26),
(549,'Bernardino de Campos', 26),
(551,'Bertioga', 26),
(561,'Bilac', 26),
(563,'Birigui', 26),
(564,'Biritiba-Mirim', 26),
(572,'Boa Esperança do Sul', 26),
(585,'Bocaina', 26),
(591,'Bofete', 26),
(592,'Boituva', 26),
(615,'Bom Jesus dos Perdões', 26),
(625,'Bom Sucesso de Itararé', 26),
(643,'Borá', 26),
(644,'Boracéia', 26),
(647,'Borborema', 26),
(649,'Borebi', 26),
(653,'Botucatu', 26),
(661,'Bragança Paulista', 26),
(675,'Braúna', 26),
(695,'Brodósqui', 26),
(696,'Brotas', 26),
(708,'Buri', 26),
(709,'Buritama', 26),
(720,'Buritizal', 26),
(735,'Cabrália Paulista', 26),
(736,'Cabreúva', 26),
(5294,'Caçador', 26),
(739,'Caçapava', 26),
(755,'Cachoeira Paulista', 26),
(766,'Caconde', 26),
(778,'Cafelândia', 26),
(780,'Caiabu', 26),
(789,'Caieiras', 26),
(791,'Caiuá', 26),
(792,'Cajamar', 26),
(795,'Cajati', 26),
(797,'Cajobi', 26),
(800,'Cajuru', 26),
(841,'Campina do Monte Alegre', 26),
(847,'Campinas', 26),
(868,'Campo Limpo Paulista', 26),
(879,'Campos do Jordão', 26),
(884,'Campos Novos Paulista', 26),
(891,'Cananéia', 26),
(908,'Cândido Mota', 26),
(909,'Cândido Rodrigues', 26),
(921,'Canitar', 26),
(933,'Capão Bonito', 26),
(940,'Capela do Alto', 26),
(957,'Capivari', 26),
(965,'Caraguatatuba', 26),
(971,'Carapicuíba', 26),
(979,'Cardoso', 26),
(1023,'Casa Branca', 26),
(1034,'Cássia dos Coqueiros', 26),
(1042,'Castilho', 26),
(1047,'Catanduva', 26),
(1053,'Catiguá', 26),
(1071,'Cedral', 26),
(1085,'Cerqueira César', 26),
(1086,'Cerquilho', 26),
(1094,'Cesário Lange', 26),
(1109,'Charqueada', 26),
(1113,'Chavantes', 26),
(1133,'Clementina', 26),
(1151,'Colina', 26),
(1157,'Colombia', 26),
(1191,'Conchal', 26),
(1192,'Conchas', 26),
(1223,'Cordeirópolis', 26),
(1235,'Coroados', 26),
(1246,'Coronel Macedo', 26),
(1265,'Corumbataí', 26),
(1270,'Cosmópolis', 26),
(1271,'Cosmorama', 26),
(1275,'Cotia', 26),
(1285,'Cravinhos', 26),
(1291,'Cristais Paulista', 26),
(1312,'Cruzália', 26),
(1313,'Cruzeiro', 26),
(1323,'Cubatão', 26),
(1333,'Cunha', 26),
(1365,'Descalvado', 26),
(1372,'Diadema', 26),
(1384,'Dirce Reis', 26),
(1391,'Divinolândia', 26),
(1398,'Dobrada', 26),
(1400,'Dois Córregos', 26),
(1407,'Dolcinópolis', 26),
(1436,'Dourado', 26),
(1445,'Dracena', 26),
(1446,'Duartina', 26),
(1450,'Dumont', 26),
(5147,'Dumontina', 26),
(9051,'Duplo Céu', 26),
(1454,'Echaporã', 26),
(1460,'Eldorado', 26),
(1464,'Elias Fausto', 26),
(1466,'Elisiário', 26),
(1470,'Embaúba', 26),
(1471,'Embu', 26),
(1472,'Embu-Guaçu', 26),
(1473,'Emilianópolis', 26),
(1480,'Engenheiro Coelho', 26),
(1514,'Espírito Santo do Pinhal', 26),
(1515,'Espírito Santo do Turvo', 26),
(1523,'Estiva Gerbi', 26),
(1526,'Estrela d''Oeste', 26),
(1531,'Estrela do Norte', 26),
(1534,'Euclides da Cunha Paulista', 26),
(1552,'Fartura', 26),
(1577,'Fernando Prestes', 26),
(1578,'Fernandópolis', 26),
(1579,'Ferraz de Vasconcelos', 26),
(1593,'Flora Rica', 26),
(1596,'Floreal', 26),
(1609,'Flórida Paulista', 26),
(1610,'Florínia', 26),
(9055,'Fortuna', 26),
(1634,'Franca', 26),
(1642,'Francisco Morato', 26),
(1645,'Franco da Rocha', 26),
(1660,'Gabriel Monteiro', 26),
(1661,'Gália', 26),
(1669,'Garça', 26),
(1678,'Gastão Vidigal', 26),
(1684,'General Salgado', 26),
(1688,'Getulina', 26),
(1693,'Glicério', 26),
(1756,'Guaiçara', 26),
(1757,'Guaimbê', 26),
(1759,'Guaíra', 26),
(1768,'Guapiaçu', 26),
(1769,'Guapiara', 26),
(1775,'Guará', 26),
(1777,'Guaraçaí', 26),
(1779,'Guaraci', 26),
(1792,'Guarani d''Oeste', 26),
(1796,'Guarantã', 26),
(1802,'Guararapes', 26),
(1803,'Guararema', 26),
(1805,'Guaratinguetá', 26),
(1808,'Guareí', 26),
(1809,'Guariba', 26),
(1811,'Guarujá', 26),
(1814,'Guarulhos', 26),
(1817,'Guatapará', 26),
(5273,'Gurupã', 26),
(1830,'Guzolândia', 26),
(1835,'Herculândia', 26),
(1842,'Holambra', 26),
(1846,'Hortolândia', 26),
(1852,'Iacanga', 26),
(1854,'Iacri', 26),
(1857,'Iaras', 26),
(1862,'Ibaté', 26),
(1884,'Ibirá', 26),
(1894,'Ibirarema', 26),
(1899,'Ibitinga', 26),
(1904,'Ibiúna', 26),
(1912,'Icém', 26),
(1917,'Iepê', 26),
(1921,'Igarapava', 26),
(1927,'Igaratá', 26),
(1933,'Iguape', 26),
(1936,'Iguaraçu do Tietê', 26),
(1943,'Ilha Comprida', 26),
(1945,'Ilha Solteira', 26),
(1946,'Ilhabela', 26),
(1970,'Indaiatuba', 26),
(1973,'Indiana', 26),
(9058,'Indianápolis', 26),
(1976,'Indiaporã', 26),
(1993,'Inúbia Paulista', 26),
(2001,'Ipauçu', 26),
(2004,'Iperó', 26),
(2005,'Ipeúna', 26),
(2021,'Iporanga', 26),
(2023,'Ipuã', 26),
(2035,'Iracemápolis', 26),
(2045,'Irapuã', 26),
(2046,'Irapuru', 26),
(2067,'Itaberá', 26),
(2095,'Itaí', 26),
(2108,'Itajobi', 26),
(2109,'Itaju', 26),
(2129,'Itanhaém', 26),
(2134,'Itaóca', 26),
(2143,'Itapecerica da Serra', 26),
(2153,'Itapetininga', 26),
(2155,'Itapeva', 26),
(2156,'Itapevi', 26),
(2159,'Itapira', 26),
(2164,'Itapirapuã Paulista', 26),
(2171,'Itápolis', 26),
(2175,'Itaporanga', 26),
(2179,'Itapuí', 26),
(2180,'Itapura', 26),
(2182,'Itaquaquecetuba', 26),
(2189,'Itararé', 26),
(2191,'Itariri', 26),
(2195,'Itatiba', 26),
(2198,'Itatinga', 26),
(2212,'Itirapina', 26),
(2213,'Itirapuã', 26),
(2216,'Itobi', 26),
(2218,'Itu', 26),
(2224,'Itupeva', 26),
(2230,'Ituverava', 26),
(2244,'Jaborandi', 26),
(2247,'Jaboticabal', 26),
(2254,'Jacareí', 26),
(2256,'Jaci', 26),
(5265,'Jaciporã', 26),
(2266,'Jacupiranga', 26),
(2281,'Jaguariúna', 26),
(2287,'Jales', 26),
(5266,'Jamaica', 26),
(2289,'Jambeiro', 26),
(2296,'Jandira', 26),
(2327,'Jardinópolis', 26),
(2330,'Jarinu', 26),
(2338,'Jaú', 26),
(2351,'Jeriquara', 26),
(2363,'Joanópolis', 26),
(2372,'João Ramalho', 26),
(2387,'José Bonifácio', 26),
(2405,'Júlio Mesquita', 26),
(2408,'Jundiaí', 26),
(2411,'Junqueirópolis', 26),
(2413,'Juquiá', 26),
(2414,'Juquitiba', 26),
(2473,'Lagoinha', 26),
(2502,'Laranjal Paulista', 26),
(2512,'Lavínia', 26),
(2516,'Lavrinhas', 26),
(2519,'Leme', 26),
(2521,'Lencóis Paulista', 26),
(2534,'Limeira', 26),
(2541,'Lindóia', 26),
(2547,'Lins', 26),
(2557,'Lorena', 26),
(2559,'Lourdes', 26),
(2560,'Louveira', 26),
(2562,'Lucélia', 26),
(2564,'Lucianópolis', 26),
(2567,'Luís Antônio', 26),
(2577,'Lupércio', 26),
(2579,'Lutécia', 26),
(2582,'Luziânia', 26),
(2590,'Macatuba', 26),
(2592,'Macaubal', 26),
(2595,'Macedônia', 26),
(2614,'Magda', 26),
(2618,'Mairinque', 26),
(2619,'Mairiporã', 26),
(2643,'Manduri', 26),
(2664,'Marabá Paulista', 26),
(2665,'Maracaí', 26),
(2676,'Marapoama', 26),
(2703,'Mariápolis', 26),
(2710,'Marília', 26),
(2713,'Marinópolis', 26),
(2722,'Martinópolis', 26),
(2736,'Matão', 26),
(2761,'Mauá', 26),
(2779,'Mendonça', 26),
(2782,'Meridiano', 26),
(2784,'Mesópolis', 26),
(2792,'Miguelópolis', 26),
(2804,'Mineiros do Tietê', 26),
(2806,'Mira Estrela', 26),
(2808,'Miracatu', 26),
(2820,'Mirandópolis', 26),
(2825,'Mirante do Paranapanema', 26),
(2827,'Mirassol', 26),
(2829,'Mirassolândia', 26),
(2835,'Mococa', 26),
(2842,'Mogi das Cruzes', 26),
(2843,'Moji-Guaçu', 26),
(2844,'Moji-Mirim', 26),
(2847,'Mombuca', 26),
(2849,'Monções', 26),
(2851,'Mongaguá', 26),
(2869,'Monte Alegre do Sul', 26),
(2870,'Monte Alto', 26),
(2871,'Monte Aprazível', 26),
(2873,'Monte Azul Paulista', 26),
(2857,'Monte Castelo', 26),
(2882,'Monte Mor', 26),
(2888,'Monteiro Lobato', 26),
(2909,'Morro Agudo', 26),
(2920,'Morungaba', 26),
(2925,'Motuca', 26),
(2952,'Murutinga do Sul', 26),
(2960,'Narandiba', 26),
(2965,'Natividade da Serra', 26),
(2973,'Nazaré Paulista', 26),
(2980,'Neves Paulista', 26),
(2982,'Nhandeara', 26),
(2988,'Nipoã', 26),
(9072,'Noroeste', 26),
(3005,'Nova Aliança', 26),
(3021,'Nova Campina', 26),
(3024,'Nova Canaã Paulista', 26),
(3034,'Nova Europa', 26),
(3040,'Nova Granada', 26),
(3042,'Nova Guataporanga', 26),
(3047,'Nova Independênica', 26),
(5142,'Nova Itapirema', 26),
(3054,'Nova Luzitânia', 26),
(3061,'Nova Odessa', 26),
(5253,'Nova Pátria', 26),
(3096,'Novais', 26),
(3107,'Novo Horizonte', 26),
(3123,'Nuporanga', 26),
(3125,'Ocauçu', 26),
(3130,'Óleo', 26),
(3137,'Olímpia', 26),
(3147,'Onda Verde', 26),
(3148,'Oriente', 26),
(3149,'Orindiúva', 26),
(3152,'Orlândia', 26),
(3158,'Osasco', 26),
(3159,'Oscar Bressane', 26),
(3161,'Osvaldo Cruz', 26),
(3167,'Ourinhos', 26),
(3178,'Ouro Verde', 26),
(3184,'Pacaembu', 26),
(3202,'Palestina', 26),
(3211,'Palmares Paulista', 26),
(3216,'Palmeira D''Oeste', 26),
(3230,'Palmital', 26),
(3239,'Panorama', 26),
(3250,'Paraguaçu Paulista', 26),
(3254,'Paraibuna', 26),
(3257,'Paraíso', 26),
(3272,'Paranapanema', 26),
(3274,'Paranapuã', 26),
(3280,'Parapuã', 26),
(3287,'Pardinho', 26),
(3295,'Pariquera-Açu', 26),
(3296,'Parisi', 26),
(3327,'Patrocínio Paulista', 26),
(3338,'Paulicéia', 26),
(3339,'Paulínia', 26),
(3345,'Paulo de Faria', 26),
(3355,'Pederneiras', 26),
(3358,'Pedra Bela', 26),
(3371,'Pedranópolis', 26),
(3376,'Pedregulho', 26)
GO

INSERT INTO [dbo].[Cidade]([Id], [Nome], [EstadoId]) VALUES
(3377,'Pedreira', 26),
(3380,'Pedrinhas Paulista', 26),
(3386,'Pedro de Toledo', 26),
(3400,'Penápolis', 26),
(3411,'Pereira Barreto', 26),
(3412,'Pereiras', 26),
(3419,'Peruíbe', 26),
(3428,'Piacatu', 26),
(3436,'Piedade', 26),
(3445,'Pilar do Sul', 26),
(3453,'Pindamonhangaba', 26),
(3457,'Pindorama', 26),
(3466,'Pinhalzinho', 26),
(3477,'Piquerobi', 26),
(3479,'Piquete', 26),
(3480,'Piracaia', 26),
(3483,'Piracicaba', 26),
(3488,'Piraju', 26),
(3490,'Pirajuí', 26),
(3493,'Pirangi', 26),
(3502,'Pirapora do Bom Jesus', 26),
(3503,'Pirapozinho', 26),
(3506,'Pirassununga', 26),
(3508,'Piratininga', 26),
(3520,'Pitangueiras', 26),
(3533,'Planalto', 26),
(3538,'Platina', 26),
(3539,'Poá', 26),
(3554,'Poloni', 26),
(3558,'Pompéia', 26),
(3560,'Pongaí', 26),
(3563,'Pontal', 26),
(3566,'Pontalinda', 26),
(3578,'Pontes Gestal', 26),
(3580,'Populina', 26),
(3582,'Porangaba', 26),
(3606,'Porto Feliz', 26),
(3607,'Porto Ferreira', 26),
(3627,'Potim', 26),
(3629,'Potirendaba', 26),
(3638,'Pradópolis', 26),
(3641,'Praia Grande', 26),
(3650,'Presidente Alves', 26),
(3652,'Presidente Bernardes', 26),
(3657,'Presidente Epitácio', 26),
(3671,'Presidente Prudente', 26),
(3674,'Presidente Wenceslau', 26),
(9080,'Primavera', 26),
(3684,'Promissão', 26),
(3694,'Quatá', 26),
(3705,'Queiroz', 26),
(3706,'Queluz', 26),
(3714,'Quintana', 26),
(3731,'Rafard', 26),
(3733,'Rancharia', 26),
(3745,'Redenção da Serra', 26),
(3749,'Regente Feijó', 26),
(3750,'Reginópolis', 26),
(3751,'Registro', 26),
(3763,'Restinga', 26),
(3784,'Ribeira', 26),
(3788,'Ribeirão Bonito', 26),
(3789,'Ribeirão Branco', 26),
(3792,'Ribeirão Corrente', 26),
(3796,'Ribeirão do Sul', 26),
(5260,'Ribeirão dos Índios', 26),
(3797,'Ribeirão Grande', 26),
(3798,'Ribeirão Pires', 26),
(3799,'Ribeirão Preto', 26),
(3804,'Rifaina', 26),
(3805,'Rincão', 26),
(3806,'Rinópolis', 26),
(3819,'Rio Claro', 26),
(3826,'Rio das Pedras', 26),
(3842,'Rio Grande da Serra', 26),
(3867,'Riolândia', 26),
(3871,'Riversul', 26),
(3893,'Rosana', 26),
(3899,'Roseira', 26),
(3902,'Rubiácea', 26),
(3905,'Rubinéia', 26),
(3913,'Sabino', 26),
(3918,'Sagres', 26),
(3922,'Sales', 26),
(3923,'Sales Oliveira', 26),
(3924,'Salesópolis', 26),
(3935,'Salmourão', 26),
(3937,'Saltinho', 26),
(3938,'Salto', 26),
(3941,'Salto de Pirapora', 26),
(3945,'Salto Grande', 26),
(3956,'Sandovalina', 26),
(3959,'Santa Adélia', 26),
(3960,'Santa Albertina', 26),
(3964,'Santa Bárbara D''Oeste', 26),
(3970,'Santa Branca', 26),
(3975,'Santa Clara D''Oeste', 26),
(3982,'Santa Cruz da Conceição', 26),
(3984,'Santa Cruz das Palmeiras', 26),
(3991,'Santa Cruz do Rio Pardo', 26),
(3995,'Santa Ernestina', 26),
(4000,'Santa Fé do Sul', 26),
(4002,'Santa Gertrudes', 26),
(4012,'Santa Isabel', 26),
(4020,'Santa Lúcia', 26),
(4034,'Santa Maria da Serra', 26),
(4048,'Santa Mercedes', 26),
(4054,'Santa Rita D''Oeste', 26),
(4063,'Santa Rita do Passa Quatro', 26),
(4070,'Santa Rosa de Viterbo', 26),
(4093,'Santana da Ponte Pensa', 26),
(4097,'Santana de Parnaíba', 26),
(4125,'Santo Anastácio', 26),
(4126,'Santo André', 26),
(4129,'Santo Antônio da Alegria', 26),
(4138,'Santo Antônio de Posse', 26),
(4140,'Santo Antônio do Aracanguá', 26),
(4148,'Santo Antônio do Jardim', 26),
(4153,'Santo Antônio do Pinhal', 26),
(4162,'Santo Expedito', 26),
(4168,'Santópolis do Aguapeí', 26),
(4169,'Santos', 26),
(4178,'São Bento do Sapucaí', 26),
(4184,'São Bernardo do Campo', 26),
(4191,'São Caetano do Sul', 26),
(4193,'São Carlos', 26),
(4222,'São Francisco', 26),
(4264,'São João da Boa Vista', 26),
(4271,'São João das Duas Pontes', 26),
(4272,'São João de Iracema', 26),
(4288,'São João do Pau d''Alho', 26),
(4300,'São Joaquim da Barra', 26),
(4307,'São José da Bela Vista', 26),
(4324,'São José do Barreiro', 26),
(4347,'São José do Rio Pardo', 26),
(4348,'São José do Rio Preto', 26),
(4354,'São José dos Campos', 26),
(4363,'São Lourenço da Serra', 26),
(4370,'São Luís do Paraitinga', 26),
(4378,'São Manuel', 26),
(4387,'São Miguel Arcanjo', 26),
(4404,'São Paulo', 26),
(4408,'São Pedro', 26),
(4421,'São Pedro do Turvo', 26),
(4427,'São Roque', 26),
(4431,'São Sebastião', 26),
(4435,'São Sebastião da Grama', 26),
(4450,'São Simão', 26),
(4461,'São Vicente', 26),
(5298,'Saporema', 26),
(4477,'Sarapuí', 26),
(4479,'Sarutaiá', 26),
(4490,'Sebastianópolis', 26),
(4524,'Serra Azul', 26),
(4537,'Serra Negra', 26),
(4542,'Serrana', 26),
(4557,'Sertãozinho', 26),
(4558,'Sete barras', 26),
(4563,'Severínia', 26),
(4572,'Silveiras', 26),
(4597,'Socorro', 26),
(4607,'Sorocaba', 26),
(9066,'SubDistrito', 26),
(4614,'Sud Menucci', 26),
(4617,'Sumaré', 26),
(4621,'Suzano', 26),
(4622,'Suzanópolis', 26),
(4624,'Tabapuã', 26),
(4626,'Tabatinga', 26),
(4628,'Taboão da Serra', 26),
(4635,'Taciba', 26),
(4638,'Taguaí', 26),
(4640,'Taiçu', 26),
(4646,'Taiúva', 26),
(4647,'Tambaú', 26),
(4650,'Tanabi', 26),
(4668,'Tapiraí', 26),
(4670,'Tapiratiba', 26),
(4677,'Taquaritinga', 26),
(4679,'Taquarituba', 26),
(4680,'Taquarivaí', 26),
(4683,'Tarabai', 26),
(4687,'Tarumã', 26),
(4690,'Tatuí', 26),
(4692,'Taubaté', 26),
(4702,'Tejupá', 26),
(4708,'Teodoro Sampaio', 26),
(4727,'Terra Roxa', 26),
(4735,'Tietê', 26),
(4744,'Timburi', 26),
(4763,'Torre de Pedra', 26),
(4765,'Torrinha', 26),
(4775,'Tremembé', 26),
(4784,'Três Fronteiras', 26),
(4807,'Tuiuti', 26),
(4814,'Tupã', 26),
(4823,'Tupi Paulista', 26),
(4826,'Turiúba', 26),
(4828,'Turmalina', 26),
(4844,'Ubarana', 26),
(4846,'Ubatuba', 26),
(4849,'Ubirajara', 26),
(4851,'Uchoa', 26),
(4871,'União Paulista', 26),
(4876,'Urânia', 26),
(4878,'Uru', 26),
(4894,'Urupês', 26),
(5145,'Vale Formoso', 26),
(4907,'Valentim Gentil', 26),
(4908,'Valinhos', 26),
(4909,'Valparaíso', 26),
(4912,'Vargem', 26),
(4918,'Vargem Grande do Sul', 26),
(4919,'Vargem Grande Paulista', 26),
(4934,'Várzea Paulista', 26),
(4947,'Vera Cruz', 26),
(4986,'Vinhedo', 26),
(4987,'Viradouro', 26),
(4996,'Vista Alegre do Alto', 26),
(5011,'Votorantim', 26),
(5012,'Votuporanga', 26),
(5030,'Zacarias', 26),
(15,'Abreulândia', 27),
(111,'Aliança do Tocantins', 27),
(113,'Almas', 27),
(165,'Alvorada', 27),
(200,'Ananás', 27),
(221,'Angico', 27),
(253,'Aparecida do Rio Negro', 27),
(288,'Aragominas', 27),
(289,'Araguacema', 27),
(290,'Araguaçu', 27),
(292,'Araguaína', 27),
(294,'Araguanã', 27),
(297,'Araguatins', 27),
(308,'Arapoema', 27),
(360,'Arraias', 27),
(388,'Augustinópolis', 27),
(400,'Aurora do Tocantins', 27),
(409,'Axixá do Tocantins', 27),
(410,'Babaçulândia', 27),
(502,'Barrolândia', 27),
(550,'Bernardo Sayão', 27),
(614,'Bom Jesus do Tocantins', 27),
(5302,'Bom Sucego', 27),
(668,'Brasilândia do Tocantins', 27),
(678,'Breijinho de Nazaré', 27),
(714,'Buriti do Tocantins', 27),
(759,'Cachoeirinha', 27),
(5300,'Campo de Víbora', 27),
(882,'Campos Lindos', 27),
(989,'Cariri do Tocantins', 27),
(1003,'Carmolândia', 27),
(1017,'Carrasdo Bonito', 27),
(1030,'Caseara', 27),
(1078,'Centenário', 27),
(1155,'Colinas do Tocantins', 27),
(1156,'Colméia', 27),
(1166,'Combinado', 27),
(1189,'Conceição do Tocantins', 27),
(1278,'Couto de Magalhães', 27),
(1293,'Cristalândia', 27),
(1352,'Darcinópolis', 27),
(1378,'Dianópolis', 27),
(1395,'Divinópolis do Tocantins', 27),
(1404,'Dois Irmãos do Tocantins', 27),
(1449,'Dueré', 27),
(1508,'Esperantina', 27),
(1554,'Fátima', 27),
(1585,'Figueirópolis', 27),
(1588,'Filadélfia', 27),
(1621,'Formoso do Araguaia', 27),
(1626,'Fortaleza do Tabocão', 27),
(1709,'Goianorte', 27),
(1711,'Goiatins', 27),
(1784,'Guaraí', 27),
(1829,'Gurupi', 27),
(2076,'Itacajá', 27),
(2094,'Itaguatins', 27),
(2165,'Itapiratins', 27),
(2173,'Itaporã do Tocantins', 27),
(2339,'Jaú do Tocantins', 27),
(2394,'Juarina', 27),
(2450,'Lagoa da Confusão', 27),
(2459,'Lagoa do Tocantins', 27),
(2479,'Lajeado', 27),
(2550,'Lizarda', 27),
(2702,'Marianópolis do Tocantins', 27),
(2738,'Mateiros', 27),
(2765,'Maurilândia do Tocantins', 27),
(2810,'Miracema do Tocantins', 27),
(2822,'Miranorte', 27),
(2880,'Monte do Carmo', 27),
(2921,'Mosquito', 27),
(2950,'Muricilândia', 27),
(2964,'Natividade', 27),
(2970,'Nazaré', 27),
(3066,'Nova Olinda', 27),
(3079,'Nova Rosalândia', 27),
(3097,'Novo Acordo', 27),
(3099,'Novo Alegre', 27),
(3112,'Novo Jardim', 27),
(3213,'Palmas', 27),
(3222,'Palmeirante', 27),
(3226,'Palmeirópolis', 27),
(3260,'Paraíso do Tacantins', 27),
(3266,'Paranã', 27),
(3332,'Pau D''Arco', 27),
(3382,'Pedro Afonso', 27),
(3393,'Peixe', 27),
(3407,'Pequizeiro', 27),
(3458,'Pindorama do Tocantins', 27),
(3505,'Piraquê', 27),
(3524,'Pium', 27),
(3570,'Ponte Alta do Bom Jesus', 27),
(3572,'Ponte Alta do Tocantins', 27),
(3596,'Porto Alegre do Tocantins', 27),
(3614,'Porto Nacional', 27),
(3642,'Praia Norte', 27),
(3665,'Presidente Kennedy', 27),
(3743,'Recursolândia', 27),
(3772,'Riachinho', 27),
(3822,'Rio da Conceição', 27),
(3835,'Rio dos Bois', 27),
(3862,'Rio Sono', 27),
(3952,'Sampaio', 27),
(3955,'Sandolândia', 27),
(3999,'Santa Fé do Araguaia', 27),
(4045,'Santa Maria do Tocantins', 27),
(4074,'Santa Rosa do Tocantins', 27),
(4081,'Santa Tereza do Tocantins', 27),
(4180,'São Bento do Tocantins', 27),
(4216,'São Félix do Tocantins', 27),
(4400,'São Miguel do Tocantins', 27),
(4429,'São Salvador do Tocantins', 27),
(4445,'São Sebastião do Tocantins', 27),
(4458,'São Valério da Natividade', 27),
(4569,'Silvanópolis', 27),
(4592,'Sítio Novo do Tocantins', 27),
(4612,'Sucupira', 27),
(4639,'Taguatinga', 27),
(4644,'Taipas do Tocantins', 27),
(4751,'Tocantínia', 27),
(4752,'Tocantinópolis', 27),
(4824,'Tupiratins', 27),
(5014,'Wanderlândia', 27),
(5020,'Xambioá', 27)
GO